<?xml version="1.0" encoding="utf-8" ?>
<kml xmlns="http://www.opengis.net/kml/2.2">
<Document id="root_doc">
<Folder><name>line</name>
  <Placemark>
	<Style><LineStyle><color>ff0000ff</color></LineStyle><PolyStyle><fill>0</fill></PolyStyle></Style>
      <LineString><coordinates>1.36455171983333,52.9072795778333 1.36455160066667,52.907279599 1.3645515085,52.907279677 1.364550406,52.9072799661667 1.36454952316667,52.9072804461667 1.36454913183333,52.907280741 1.36454905716667,52.9072810511667 1.36454889133333,52.9072812635 1.36454866916667,52.9072816816667 1.3645484365,52.9072819875 1.36454825,52.9072822206667 1.36454809116667,52.9072823648333 1.364547928,52.9072825026667 1.364547838,52.9072826263333 1.3645478255,52.907282678 1.36454787066667,52.9072827426667 1.36454803183333,52.9072827563333 1.36454824666667,52.9072827051667 1.364550461,52.9072821375 1.36455243266667,52.9072810991667 1.36455592616667,52.9072804273333 1.3645610485,52.907278041 1.36456478266667,52.9072762451667 1.36456921766667,52.9072745968333 1.36457417716667,52.9072725928333 1.36457883783333,52.9072709976667 1.36458367066667,52.9072695503333 1.36458866633333,52.9072679016667 1.364593718,52.9072669075 1.36459903083333,52.9072653035 1.36460360966667,52.9072641386667 1.36460838183333,52.9072627831667 1.36461350983333,52.9072614171667 1.36461830716667,52.9072604903333 1.3646232035,52.9072589918333 1.36462651266667,52.907258266 1.36462741666667,52.9072581495 1.364629313,52.907257904 1.36463397083333,52.9072560183333 1.364638527,52.907255225 1.364643259,52.9072544541667 1.36464810383333,52.9072530618333 1.3646528555,52.9072521926667 1.3646581955,52.9072508628333 1.36466303316667,52.9072497611667 1.364667499,52.9072486875 1.36467251766667,52.9072475018333 1.364677376,52.9072466148333 1.3646827145,52.9072453303333 1.36468862483333,52.9072448315 1.36469369683333,52.9072438003333 1.3646981425,52.9072430706667 1.36470252933333,52.9072423926667 1.36470727283333,52.907241214 1.364712443,52.9072404555 1.3647185835,52.907238871 1.36472460583333,52.907238115 1.364728678,52.90723751 1.364733952,52.9072361116667 1.36473948483333,52.9072348133333 1.36474551033333,52.9072329625 1.36475020216667,52.9072319566667 1.36475616883333,52.907229999 1.36476152416667,52.907228706 1.3647668585,52.9072271831667 1.36477215666667,52.9072261643333 1.36477745666667,52.9072253465 1.36478288833333,52.9072238436667 1.36478834316667,52.907222872 1.36479342766667,52.9072213498333 1.36479826966667,52.9072206473333 1.364803188,52.9072195395 1.36480818283333,52.9072178918333 1.36481347483333,52.9072170571667 1.36481839683333,52.907215415 1.36482412433333,52.9072142993333 1.36482872833333,52.9072128163333 1.36483434183333,52.9072118053333 1.364839808,52.907210651 1.36484446233333,52.9072094285 1.364849787,52.9072084633333 1.36485476716667,52.9072070756667 1.36485949633333,52.9072065595 1.36486451016667,52.9072051478333 1.36486953116667,52.9072041771667 1.3648743665,52.9072030501667 1.36487904116667,52.9072020078333 1.36488397333333,52.9072012706667 1.36488928766667,52.907199672 1.36489464083333,52.9071989128333 1.36490039183333,52.9071974518333 1.3649050635,52.9071966426667 1.364909294,52.9071953405 1.36491363833333,52.9071944033333 1.36491815783333,52.907193692 1.3649225885,52.9071923535 1.3649276475,52.9071914963333 1.364932518,52.9071898978333 1.364936652,52.907189005 1.3649406875,52.907188478 1.36494531883333,52.9071870768333 1.364950186,52.9071863571667 1.36495497916667,52.9071847005 1.364959421,52.9071838718333 1.364963357,52.907183443 1.364967982,52.9071817685 1.364972887,52.9071808066667 1.36497725766667,52.907179174 1.36498188766667,52.9071778651667 1.36498679983333,52.9071769806667 1.36499124633333,52.907175276 1.36499665566667,52.9071741353333 1.36500197,52.9071723518333 1.36500667416667,52.9071706738333 1.36501174916667,52.9071694746667 1.36501633933333,52.9071676015 1.36502136533333,52.9071666681667 1.365025641,52.9071647543333 1.3650303505,52.907163739 1.36503462133333,52.907162465 1.36503921533333,52.9071613653333 1.3650442345,52.907160291 1.3650495725,52.9071586038333 1.36505541416667,52.9071578521667 1.36506076833333,52.9071559991667 1.3650664845,52.9071555543333 1.36507161466667,52.9071546445 1.36507577516667,52.9071542136667 1.36507964433333,52.9071542416667 1.36508552866667,52.9071535268333 1.36509139733333,52.9071530268333 1.36509630516667,52.9071523975 1.3651009625,52.9071516481667 1.36510717616667,52.9071511728333 1.3651126985,52.9071503165 1.36511698533333,52.9071499053333 1.36512106416667,52.9071496598333 1.36512682883333,52.9071479166667 1.36513217516667,52.9071474311667 1.36513631683333,52.9071460736667 1.36514144216667,52.9071459103333 1.36514690733333,52.9071446498333 1.36515232333333,52.9071435388333 1.36515654616667,52.907142484 1.3651603025,52.9071412036667 1.365165915,52.9071406433333 1.36517117916667,52.9071386793333 1.36517733266667,52.9071377498333 1.36518192033333,52.9071365158333 1.36518641016667,52.9071355698333 1.36519135133333,52.9071346413333 1.365196708,52.9071328778333 1.36520234466667,52.9071318935 1.36520775366667,52.9071295845 1.365213098,52.9071282031667 1.3652178435,52.9071272486667 1.36522293783333,52.907125785 1.36522799716667,52.9071248635 1.36523262,52.9071226626667 1.36523733566667,52.9071218118333 1.36524200083333,52.9071209568333 1.36524737266667,52.9071200223333 1.365252726,52.9071190586667 1.36525694916667,52.9071172483333 1.365261913,52.9071161511667 1.3652668925,52.9071143996667 1.36527230783333,52.9071134271667 1.3652767555,52.9071119513333 1.3652812,52.907110908 1.36528567533333,52.9071098606667 1.36528967683333,52.9071083566667 1.365293987,52.9071075858333 1.36529819616667,52.9071058933333 1.36530240166667,52.9071049993333 1.36530630633333,52.907104305 1.36531063683333,52.9071028766667 1.3653149195,52.9071021756667 1.36531912783333,52.9071004126667 1.36532343666667,52.9070994868333 1.3653270605,52.9070984355 1.3653310855,52.9070970061667 1.3653357165,52.9070962235 1.36533964383333,52.9070948286667 1.365343023,52.907093442 1.36534700333333,52.9070926418333 1.36535130716667,52.9070908566667 1.36535545783333,52.9070899703333 1.3653590795,52.9070892648333 1.36536322433333,52.9070874685 1.36536729666667,52.9070865821667 1.365371392,52.9070848858333 1.36537524966667,52.9070836105 1.365378986,52.9070826646667 1.365383394,52.9070804621667 1.36538828016667,52.9070789683333 1.36539215333333,52.9070774436667 1.36539620433333,52.9070757938333 1.3654003255,52.9070744603333 1.3654045055,52.9070724438333 1.365408816,52.9070711043333 1.3654129515,52.907069278 1.36541724083333,52.9070675018333 1.3654216445,52.9070660988333 1.36542578,52.9070643425 1.36543031333333,52.907063307 1.3654344115,52.9070615693333 1.36543834516667,52.9070600038333 1.36544210516667,52.9070586403333 1.36544617733333,52.9070565166667 1.36545052616667,52.9070550115 1.36545414716667,52.907053403 1.36545745983333,52.907051736 1.36546123366667,52.907050577 1.3654652175,52.9070483116667 1.36546895433333,52.907046798 1.36547245433333,52.9070454671667 1.36547590783333,52.907043554 1.36548001016667,52.907042253 1.36548363083333,52.9070399835 1.36548769983333,52.9070383325 1.36549126483333,52.9070371598333 1.36549456616667,52.9070351698333 1.36549750816667,52.9070337906667 1.3655006375,52.9070328158333 1.365504532,52.907030469 1.36550864583333,52.9070290276667 1.3655107765,52.9070286693333 1.36551374683333,52.907026517 1.36551754633333,52.9070246108333 1.36552130516667,52.9070226185 1.36552473266667,52.9070202333333 1.365528621,52.9070189273333 1.36553156433333,52.9070161451667 1.3655358375,52.9070146451667 1.36553923316667,52.9070125478333 1.36554231316667,52.9070105875 1.36554653833333,52.9070091443333 1.36554963983333,52.9070062796667 1.36555385416667,52.9070050763333 1.3655573975,52.9070022396667 1.3655620485,52.9070004751667 1.36556541116667,52.9069984928333 1.36556854783333,52.9069962711667 1.36557299633333,52.9069950496667 1.36557583533333,52.9069924986667 1.36558002966667,52.9069904605 1.365583131,52.9069879668333 1.36558521066667,52.9069863255 1.36558986466667,52.9069844495 1.3655928785,52.9069816498333 1.36559626733333,52.9069795038333 1.36559927866667,52.906977573 1.36560217133333,52.9069751848333 1.36560629866667,52.906972962 1.36560950083333,52.9069704058333 1.3656131615,52.9069682898333 1.36561621516667,52.906966382 1.3656189945,52.9069642716667 1.36562284966667,52.9069624293333 1.365625913,52.9069595098333 1.36562922416667,52.9069577175 1.36563160466667,52.9069556488333 1.365634999,52.9069531396667 1.36563779166667,52.9069510508333 1.36563912716667,52.9069490226667 1.36564202383333,52.9069481731667 1.36564136366667,52.9069476038333 1.36564119583333,52.906947213 1.36564142233333,52.9069464938333 1.36564122483333,52.9069463133333 1.3656410055,52.9069463946667 1.365640869,52.9069464445 1.3656406535,52.9069463703333 1.36564100216667,52.9069460573333 1.36564124716667,52.9069458311667 1.36564196666667,52.906945732 1.3656428685,52.9069455243333 1.365643571,52.9069453133333 1.36564543716667,52.9069446038333 1.36564651333333,52.9069432633333 1.36564713016667,52.90694284 1.36564706633333,52.9069427123333 1.3656469025,52.9069418933333 1.3656476665,52.9069417341667 1.36564758833333,52.9069420141667 1.365647796,52.9069419476667 1.3656477115,52.9069418741667 1.36564771816667,52.9069418516667 1.36564763716667,52.906941736 1.36564720916667,52.9069416015 1.36564715366667,52.9069415226667 1.36564706716667,52.9069415113333 1.36564704533333,52.9069415865 1.36564700066667,52.906941517 1.36564699933333,52.9069414855 1.36564699716667,52.9069415476667 1.365646975,52.9069415665 1.36564694583333,52.9069415335 1.3656469465,52.9069415418333 1.36564697816667,52.9069415273333 1.36564699583333,52.9069414898333 1.365646868,52.9069414973333 1.3656468895,52.9069414875 1.365646888,52.9069414311667 1.36564672883333,52.9069414415 1.3656474355,52.9069407138333 1.3656482065,52.9069404416667 1.3656485225,52.9069403348333 1.365648847,52.9069403978333 1.365648865,52.906940307 1.365648722,52.9069403491667 1.3656487015,52.9069402631667 1.36564893666667,52.9069401643333 1.36565255033333,52.906937573 1.36565615166667,52.9069351466667 1.365658378,52.9069324101667 1.36565953966667,52.9069309943333 1.36565960933333,52.9069308091667 1.36565960316667,52.9069310368333 1.3656593295,52.9069307753333 1.365658939,52.9069307513333 1.3656589095,52.9069306803333 1.36565885266667,52.9069307493333 1.36565883816667,52.9069307735 1.36565884533333,52.9069307573333 1.36565888433333,52.9069307503333 1.36565882983333,52.9069307378333 1.36565875183333,52.9069307008333 1.3656587385,52.9069307125 1.36565872083333,52.9069307378333 1.365658745,52.906930748 1.36565873366667,52.9069307578333 1.36565873316667,52.9069307526667 1.36565871066667,52.9069307348333 1.36565869166667,52.906930719 1.365658655,52.9069307746667 1.3656586785,52.9069307783333 1.36565867866667,52.9069307511667 1.36565866633333,52.9069307856667 1.36565866633333,52.9069307958333 1.36565863533333,52.9069307411667 1.3656586245,52.9069306945 1.3656586385,52.9069306511667 1.36565864633333,52.906930649 1.36565861166667,52.9069306486667 1.36565862683333,52.9069306545 1.3656586595,52.9069306253333 1.36565869316667,52.9069306431667 1.365658724,52.9069305961667 1.36565874116667,52.9069306241667 1.36565874683333,52.9069306185 1.36565874883333,52.9069306096667 1.365658796,52.9069306375 1.36565880283333,52.9069306681667 1.36565878116667,52.906930592 1.36565870283333,52.9069304988333 1.36565865416667,52.9069305083333 1.365658617,52.9069305536667 1.365658732,52.9069304763333 1.36565910516667,52.9069302648333 1.365659161,52.9069301916667 1.36565953033333,52.9069299001667 1.36566042966667,52.9069300361667 1.36566246633333,52.9069290268333 1.36566468633333,52.9069265371667 1.365669262,52.9069238498333 1.36567270916667,52.9069207623333 1.36567668766667,52.9069182448333 1.36567996266667,52.9069148358333 1.365684399,52.9069121343333 1.36568765183333,52.9069087553333 1.36569131783333,52.9069061258333 1.36569375216667,52.906903435 1.36569776216667,52.9069012551667 1.3657008495,52.9068983655 1.36570446933333,52.9068955401667 1.3657071945,52.906893057 1.36570959716667,52.90689062 1.36571217866667,52.9068889473333 1.36571322283333,52.9068864326667 1.36571627083333,52.906883648 1.36571874383333,52.9068809313333 1.36572211683333,52.9068788516667 1.3657240655,52.9068765405 1.36572813966667,52.9068744041667 1.36572986033333,52.906872414 1.36573247633333,52.906870324 1.36573552566667,52.906868122 1.36573811216667,52.906865053 1.36574237233333,52.9068622215 1.3657455615,52.9068592068333 1.3657499335,52.9068565225 1.365753103,52.9068532693333 1.3657569725,52.9068505368333 1.36576064583333,52.9068475758333 1.36576375783333,52.9068448318333 1.36576782383333,52.9068419475 1.36577099033333,52.9068390745 1.36577457033333,52.9068364291667 1.3657776965,52.9068332416667 1.36578177616667,52.9068305673333 1.36578503366667,52.9068275723333 1.3657887725,52.906825005 1.36579248033333,52.9068225255 1.365796449,52.9068196015 1.36580000816667,52.9068170158333 1.36580335483333,52.9068138408333 1.36580768416667,52.9068106051667 1.36581083916667,52.9068076211667 1.36581503566667,52.9068045783333 1.3658184675,52.9068012543333 1.3658226,52.9067984403333 1.36582635533333,52.9067953341667 1.36583035983333,52.9067927218333 1.3658340255,52.9067893986667 1.36583789783333,52.9067864243333 1.36584165866667,52.9067833901667 1.3658452855,52.9067804528333 1.36584836916667,52.9067778356667 1.36585131233333,52.9067749225 1.365855663,52.9067723036667 1.365859076,52.9067689721667 1.36586368516667,52.9067658481667 1.36586704583333,52.906762176 1.365870853,52.9067595015 1.36587419716667,52.9067563323333 1.365878787,52.9067531093333 1.36588186983333,52.9067498956667 1.36588600883333,52.9067467316667 1.365889611,52.9067434245 1.36589407916667,52.906740414 1.36589801783333,52.9067370066667 1.3659020745,52.9067338565 1.365905764,52.9067306585 1.36590960883333,52.906727643 1.36591303966667,52.9067249588333 1.36591540816667,52.906721971 1.36591883033333,52.9067190538333 1.36592137266667,52.9067156356667 1.365924753,52.9067127821667 1.365927899,52.9067095811667 1.36593009383333,52.906706696 1.36593362216667,52.906703732 1.36593587433333,52.906700749 1.36593986766667,52.906697617 1.365942712,52.9066947688333 1.36594569116667,52.906692142 1.36594930583333,52.9066898678333 1.36595146466667,52.9066871921667 1.365955045,52.9066848061667 1.36595856783333,52.906682639 1.36596067966667,52.9066808043333 1.36596477416667,52.906678979 1.3659678205,52.9066768811667 1.36597004,52.9066747998333 1.36597458066667,52.9066730786667 1.36597785366667,52.9066710363333 1.3659806735,52.906668758 1.3659842435,52.9066665766667 1.36598724466667,52.9066641636667 1.36598986033333,52.9066620306667 1.365993076,52.906660247 1.36599601033333,52.9066576093333 1.36599976416667,52.9066552351667 1.366003144,52.9066529368333 1.366005901,52.9066506285 1.3660101205,52.9066480988333 1.36601384316667,52.9066450038333 1.366017665,52.9066424343333 1.36602052633333,52.906640083 1.36602339416667,52.9066376138333 1.36602749233333,52.9066352261667 1.36603126933333,52.9066319478333 1.36603698583333,52.9066295645 1.36604202966667,52.9066265116667 1.36604751033333,52.9066237978333 1.36605234633333,52.9066206836667 1.366057808,52.906617674 1.36606263933333,52.906614513 1.36606775033333,52.9066117906667 1.36607330416667,52.9066080146667 1.3660803095,52.906604637 1.3660870715,52.906600875 1.36609418733333,52.906597216 1.36610078433333,52.9065931703333 1.36610706033333,52.9065897305 1.36611339516667,52.9065865615 1.3661190025,52.9065832603333 1.36612544933333,52.9065804453333 1.36613073516667,52.9065771641667 1.36613762333333,52.906574275 1.36614334,52.9065709348333 1.3661500885,52.9065686498333 1.366156571,52.9065655158333 1.3661631905,52.9065627875 1.3661700845,52.9065599825 1.3661773775,52.90655702 1.36618444,52.9065545966667 1.366190621,52.9065513305 1.36619813616667,52.9065486261667 1.36620488766667,52.9065455681667 1.3662121915,52.9065431745 1.36621911933333,52.9065401215 1.366226608,52.9065371216667 1.36623350033333,52.9065344311667 1.3662398125,52.9065314903333 1.36624653483333,52.9065294771667 1.366252728,52.906526656 1.36626001416667,52.9065248128333 1.3662660415,52.9065227881667 1.3662740745,52.9065212488333 1.36628092666667,52.9065194403333 1.3662879215,52.9065188066667 1.36629493133333,52.9065180711667 1.36630171183333,52.906517441 1.366309388,52.9065161241667 1.36631644416667,52.9065150671667 1.36632300383333,52.9065133823333 1.36633022683333,52.9065116908333 1.36633692316667,52.9065102161667 1.366344361,52.9065086216667 1.36635277166667,52.9065067698333 1.36636192516667,52.9065051506667 1.36637067633333,52.9065029238333 1.36637965633333,52.9065014815 1.36638895516667,52.9065001011667 1.366397351,52.9064983458333 1.36640660483333,52.906496668 1.3664147055,52.9064947616667 1.3664234215,52.906493442 1.36643290083333,52.9064912873333 1.366441811,52.906489841 1.36644920316667,52.9064883268333 1.36645798933333,52.9064868248333 1.36646701033333,52.9064857946667 1.36647608316667,52.906484243 1.36648572916667,52.9064831533333 1.36649306183333,52.9064815951667 1.3665007975,52.9064805061667 1.366508879,52.9064792681667 1.36651762616667,52.9064781263333 1.36652650716667,52.9064773465 1.3665345965,52.9064757073333 1.36654276433333,52.9064742788333 1.36655100383333,52.9064725175 1.36655987816667,52.9064713356667 1.36656831533333,52.9064695561667 1.36657704216667,52.9064683973333 1.36658479916667,52.9064669775 1.36659280266667,52.9064661021667 1.366600411,52.906464502 1.3666083655,52.9064632165 1.3666162185,52.9064622373333 1.3666240935,52.9064618378333 1.36663390366667,52.9064613046667 1.36664351666667,52.9064598435 1.36665171016667,52.9064597225 1.36666028583333,52.9064591521667 1.36666888416667,52.9064600516667 1.3666777885,52.9064597256667 1.36668766483333,52.9064597421667 1.36669718566667,52.9064591418333 1.36670708883333,52.9064586528333 1.3667167075,52.9064585553333 1.36672564916667,52.9064580883333 1.36673497866667,52.906458149 1.36674463383333,52.9064576686667 1.366754779,52.9064573301667 1.36676521016667,52.9064566858333 1.36677522516667,52.9064565323333 1.36678573216667,52.9064570368333 1.36679621533333,52.9064569578333 1.36680675733333,52.9064570773333 1.36681740816667,52.9064563973333 1.366828128,52.9064558345 1.36683784883333,52.9064558068333 1.36684743283333,52.9064551891667 1.366857707,52.9064552425 1.3668686085,52.9064548483333 1.36687907733333,52.9064549836667 1.36688891383333,52.9064552468333 1.36689922183333,52.9064558855 1.366909307,52.9064565508333 1.36692026983333,52.9064568111667 1.36693061566667,52.9064569463333 1.36694022066667,52.906457675 1.36695039533333,52.9064580391667 1.366960295,52.9064584648333 1.36696984666667,52.9064589491667 1.36697913,52.9064592663333 1.36698833,52.9064604515 1.36699896733333,52.9064611778333 1.36700857966667,52.9064621835 1.36701806766667,52.9064630836667 1.36702731916667,52.9064633361667 1.36703648633333,52.9064647045 1.36704624866667,52.9064655998333 1.367056305,52.9064669605 1.36706610366667,52.9064685105 1.36707600716667,52.9064697955 1.36708592966667,52.9064711928333 1.3670959325,52.9064725486667 1.36710569233333,52.9064745545 1.3671151485,52.9064767095 1.36712430866667,52.9064783938333 1.36713250033333,52.9064807935 1.3671416105,52.9064829166667 1.36714981016667,52.9064850481667 1.36715895266667,52.9064871225 1.36716760166667,52.9064892365 1.36717554883333,52.9064917845 1.367183763,52.9064934758333 1.36719160933333,52.9064961298333 1.36720022133333,52.9064979051667 1.36720793683333,52.9065003228333 1.3672166635,52.9065023736667 1.36722507733333,52.9065052183333 1.36723419233333,52.9065081401667 1.3672425885,52.9065104343333 1.36725038116667,52.90651379 1.367259445,52.9065164435 1.36726885016667,52.9065192675 1.3672774975,52.9065225253333 1.3672867825,52.9065252493333 1.36729474283333,52.9065290875 1.36730370983333,52.9065322921667 1.367312222,52.9065352503333 1.36732131416667,52.9065378623333 1.3673301225,52.906540677 1.36733840283333,52.9065437931667 1.36734633916667,52.9065462813333 1.367354412,52.9065498638333 1.36736325683333,52.9065528121667 1.36737121783333,52.9065557258333 1.367380052,52.9065587761667 1.367388577,52.906562002 1.36739654466667,52.90656519 1.3674049365,52.9065675228333 1.36741283433333,52.9065705156667 1.36742109483333,52.9065733136667 1.36742918066667,52.9065766371667 1.36743873083333,52.9065798015 1.36744756683333,52.9065827626667 1.367455058,52.9065862931667 1.36746422816667,52.9065890991667 1.36747283633333,52.9065924276667 1.36748196483333,52.9065943051667 1.36749093416667,52.906596987 1.36749978733333,52.9066004816667 1.36750958883333,52.9066027086667 1.367518905,52.9066055545 1.36752854366667,52.9066077093333 1.36753804033333,52.9066093983333 1.36754902816667,52.9066108146667 1.36755788016667,52.9066123606667 1.36756442233333,52.9066140645 1.3675742,52.9066154595 1.367584614,52.9066160861667 1.36759473683333,52.906617244 1.3676062415,52.906617787 1.3676172135,52.9066178948333 1.36762728866667,52.9066182741667 1.36763863983333,52.906617361 1.3676493005,52.906616924 1.367659084,52.9066161356667 1.3676693535,52.9066144205 1.36767939783333,52.906612925 1.36768964616667,52.9066116361667 1.36769897333333,52.9066092293333 1.36770913316667,52.90660699 1.367719133,52.9066049226667 1.367728497,52.9066019573333 1.36773808666667,52.9065992476667 1.367747578,52.9065961471667 1.36775572516667,52.9065923608333 1.367763424,52.9065892108333 1.36777138366667,52.9065853785 1.36777834683333,52.9065809653333 1.36778540783333,52.9065768506667 1.36779272316667,52.9065717486667 1.36779813016667,52.9065675766667 1.367804706,52.9065631076667 1.36781071566667,52.9065580968333 1.36781667633333,52.9065535075 1.3678228435,52.9065486438333 1.3678286675,52.9065437381667 1.36783409416667,52.9065392766667 1.36783918333333,52.9065341911667 1.36784547983333,52.9065293425 1.36785274883333,52.9065239576667 1.3678586895,52.9065188723333 1.3678644025,52.9065140391667 1.36787062583333,52.9065089276667 1.36787628183333,52.9065038965 1.36788251833333,52.9064985431667 1.36788863966667,52.9064928608333 1.36789288233333,52.906487094 1.36789809016667,52.9064817346667 1.36790228033333,52.9064759 1.3679067865,52.90647006 1.36791170566667,52.9064645136667 1.36791572633333,52.9064591853333 1.3679212535,52.906453831 1.36792594066667,52.9064481778333 1.36793022166667,52.906442703 1.3679364225,52.9064375946667 1.36794148816667,52.9064321416667 1.36794715,52.90642641 1.36795237216667,52.9064213456667 1.367956986,52.9064163711667 1.3679627305,52.906411208 1.36796721883333,52.9064057233333 1.36797221466667,52.9064001106667 1.3679777655,52.9063946423333 1.3679822765,52.9063892125 1.36798823066667,52.9063839805 1.36799308866667,52.9063785411667 1.36799831216667,52.9063731038333 1.36800408233333,52.9063680466667 1.3680098375,52.9063629943333 1.36801512916667,52.9063573556667 1.3680210485,52.9063520568333 1.36802558033333,52.906346904 1.3680306015,52.9063417791667 1.36803431283333,52.9063361391667 1.3680386205,52.9063310621667 1.36804330216667,52.9063255875 1.36804761566667,52.9063203088333 1.36805283833333,52.9063149021667 1.36805771033333,52.9063091513333 1.36806256116667,52.9063052586667 1.36806793483333,52.9063004371667 1.3680727715,52.906294792 1.368077049,52.906289542 1.36807962283333,52.9062847445 1.36808241183333,52.906280061 1.36808388033333,52.9062743326667 1.36808578483333,52.9062690026667 1.36808666766667,52.9062634943333 1.3680889335,52.9062588301667 1.36809056666667,52.9062551883333 1.36809310983333,52.9062511181667 1.368093402,52.9062472788333 1.36809508916667,52.9062426785 1.36809593983333,52.906238106 1.36809795533333,52.9062341866667 1.36809929766667,52.9062292608333 1.36810152133333,52.9062247873333 1.3681044655,52.9062205926667 1.36810642116667,52.9062166691667 1.36811017116667,52.9062116815 1.36811227766667,52.9062076673333 1.36811652016667,52.9062043293333 1.3681200765,52.9062010326667 1.36812527483333,52.9061975178333 1.36812932766667,52.9061941908333 1.36813340816667,52.906190417 1.36813829116667,52.9061873461667 1.36814144833333,52.9061839031667 1.36814562633333,52.9061803615 1.368149135,52.9061764971667 1.36815447483333,52.9061734251667 1.368158928,52.9061699028333 1.36816326933333,52.90616701 1.36816676716667,52.9061642158333 1.36817061616667,52.9061611621667 1.36817573283333,52.9061583653333 1.36817907216667,52.9061550486667 1.36818403933333,52.9061519171667 1.36818943733333,52.9061483498333 1.36819489616667,52.9061460908333 1.36819977066667,52.9061428123333 1.36820577416667,52.9061402608333 1.36821133933333,52.906137688 1.36821712016667,52.90613488 1.36822306433333,52.9061319658333 1.36822992016667,52.9061295708333 1.3682366635,52.9061263566667 1.36824324533333,52.906123971 1.36825079966667,52.9061209653333 1.3682578825,52.9061172146667 1.36826485733333,52.9061131266667 1.36827178983333,52.9061086631667 1.36827916683333,52.9061052038333 1.36828582416667,52.9061009473333 1.36829326,52.9060975703333 1.36830091183333,52.9060935251667 1.36830937233333,52.906090702 1.36831684816667,52.9060880391667 1.36832609716667,52.9060856015 1.368333888,52.9060823683333 1.36834193266667,52.9060795761667 1.3683486815,52.9060767001667 1.368356565,52.9060738431667 1.36836421383333,52.9060707961667 1.36837189416667,52.9060680681667 1.36837931766667,52.9060651176667 1.36838737116667,52.9060625208333 1.36839600433333,52.9060598193333 1.368403891,52.9060571031667 1.3684121305,52.906054834 1.36842052283333,52.9060518305 1.36842981066667,52.9060495515 1.368438862,52.9060472005 1.36844700916667,52.9060456645 1.36845487366667,52.9060434941667 1.36846237266667,52.9060413988333 1.3684696285,52.9060384383333 1.36847719066667,52.9060365536667 1.36848412133333,52.9060339048333 1.3684912995,52.9060315338333 1.36849886983333,52.9060287866667 1.36850674916667,52.9060265741667 1.36851418683333,52.9060236603333 1.36852148466667,52.9060214156667 1.36852874,52.906018216 1.3685359205,52.9060153468333 1.36854213166667,52.9060125145 1.368549877,52.9060101205 1.368556583,52.906007414 1.36856303366667,52.9060051753333 1.36856914416667,52.9060016471667 1.36857553716667,52.9059990523333 1.3685821205,52.9059962768333 1.3685891865,52.9059934421667 1.36859475333333,52.9059904815 1.36860159366667,52.905987327 1.36860755183333,52.9059840613333 1.36861393466667,52.9059809793333 1.36861898216667,52.9059772073333 1.36862486583333,52.9059732085 1.36862951166667,52.905969208 1.368635101,52.9059658998333 1.368639942,52.9059616483333 1.36864480716667,52.9059578136667 1.3686499295,52.9059538445 1.36865620916667,52.9059504963333 1.36866209366667,52.9059462518333 1.36866768366667,52.9059429771667 1.368673645,52.9059387061667 1.368680468,52.9059361816667 1.36868543133333,52.9059329036667 1.36869159533333,52.9059301495 1.368697791,52.9059270746667 1.36870528283333,52.9059246546667 1.3687122875,52.9059218063333 1.36871945083333,52.9059204003333 1.368727181,52.905918302 1.36873478,52.9059167895 1.36874267166667,52.9059148103333 1.36874941783333,52.9059137675 1.3687568455,52.9059116431667 1.368765448,52.9059094458333 1.36877332233333,52.9059071605 1.36878037683333,52.9059045836667 1.36878830983333,52.905902164 1.36879427,52.9058995653333 1.36880147783333,52.9058978315 1.368808381,52.9058950411667 1.36881513416667,52.9058928156667 1.36882116383333,52.9058895985 1.36882748116667,52.9058870221667 1.36883308116667,52.9058835925 1.36883914983333,52.9058810551667 1.3688444045,52.9058773075 1.36885013983333,52.9058744726667 1.368854845,52.9058703273333 1.36886025883333,52.9058661763333 1.368864347,52.9058612295 1.36886922133333,52.9058567238333 1.3688737025,52.9058521068333 1.36887832133333,52.9058474105 1.368883469,52.9058431756667 1.3688869175,52.9058382698333 1.36889108283333,52.9058337941667 1.36889461133333,52.9058289748333 1.36889936216667,52.905824593 1.36890288333333,52.9058197578333 1.36890705833333,52.9058153153333 1.36891090383333,52.9058104298333 1.3689154655,52.9058059953333 1.36891907266667,52.9058014235 1.36892422983333,52.9057975625 1.36892798383333,52.9057924353333 1.36893282266667,52.9057877136667 1.36893737616667,52.9057826255 1.368943134,52.9057779146667 1.36894787966667,52.9057731446667 1.36895238966667,52.905769051 1.36895731333333,52.9057636493333 1.36896153633333,52.9057586343333 1.36896632833333,52.9057539703333 1.3689710735,52.9057491531667 1.36897565216667,52.9057443181667 1.36898048583333,52.9057394683333 1.368985623,52.9057345051667 1.36898869833333,52.9057300861667 1.368993638,52.9057261848333 1.36899863716667,52.9057214806667 1.36900338616667,52.9057172798333 1.369007532,52.9057124101667 1.369012599,52.9057083841667 1.36901705266667,52.9057035121667 1.369021563,52.9056997073333 1.369025194,52.9056949508333 1.3690295655,52.9056905976667 1.369032765,52.9056857788333 1.369036689,52.9056819253333 1.3690402915,52.905677298 1.36904462,52.905672783 1.36904864483333,52.905667908 1.3690531995,52.905663683 1.36905730866667,52.9056588368333 1.3690623665,52.9056542398333 1.36906606233333,52.9056498696667 1.36907141916667,52.905645554 1.36907541766667,52.9056403398333 1.3690803805,52.9056353243333 1.369085331,52.9056305188333 1.36908958983333,52.9056264403333 1.36909428183333,52.9056220598333 1.36909914216667,52.9056181785 1.36910377583333,52.9056134763333 1.36910827783333,52.905609103 1.36911194466667,52.905604884 1.369115684,52.9056003486667 1.36912049083333,52.9055958895 1.36912418,52.9055916128333 1.36912938866667,52.9055877841667 1.36913425083333,52.905583923 1.36914099016667,52.9055804791667 1.36914698116667,52.9055769578333 1.369154142,52.9055743296667 1.369160137,52.9055707835 1.36916639616667,52.905568062 1.369172792,52.9055640171667 1.3691786455,52.9055611081667 1.36918463583333,52.9055573088333 1.369190866,52.9055537091667 1.369196592,52.9055496061667 1.36920281583333,52.905545712 1.36920866833333,52.9055422953333 1.36921490883333,52.9055389693333 1.36922165066667,52.9055356571667 1.3692276985,52.9055322668333 1.36923522983333,52.905529116 1.36924240433333,52.9055252951667 1.369249348,52.905522599 1.3692555265,52.9055190806667 1.3692629785,52.9055153836667 1.369269615,52.9055119476667 1.369276603,52.9055085088333 1.36928322983333,52.9055056231667 1.3692899795,52.9055023008333 1.36929738133333,52.9054992096667 1.36930377783333,52.9054955191667 1.36931034416667,52.9054918445 1.36931676316667,52.9054881491667 1.36932334016667,52.9054850418333 1.36932903466667,52.9054809828333 1.36933497466667,52.9054773738333 1.36934097916667,52.905473163 1.36934733433333,52.9054699321667 1.36935335933333,52.905465908 1.3693602075,52.9054622868333 1.36936582466667,52.905458843 1.36937260166667,52.9054553031667 1.36937893516667,52.9054517415 1.36938570216667,52.905447781 1.3693921405,52.9054443303333 1.36939799766667,52.905440349 1.36940446833333,52.9054371735 1.3694111535,52.905433636 1.369418181,52.9054310805 1.3694254845,52.9054275153333 1.36943244416667,52.9054244628333 1.36944008966667,52.9054215045 1.36944715866667,52.905418154 1.369454131,52.9054154591667 1.36946051,52.9054126021667 1.36946728466667,52.9054101775 1.369474521,52.9054068803333 1.3694810475,52.9054037615 1.36948687316667,52.9054003868333 1.36949390483333,52.9053970296667 1.3694994005,52.9053946298333 1.36950692483333,52.9053913386667 1.36951254033333,52.905388642 1.369519538,52.9053863856667 1.36952592283333,52.9053835741667 1.369533084,52.9053804515 1.36954048083333,52.9053774493333 1.36954725166667,52.9053743018333 1.3695543015,52.9053713703333 1.36956090166667,52.9053684498333 1.36956805166667,52.9053658415 1.36957581766667,52.905362555 1.369583189,52.9053600085 1.36959091466667,52.9053571778333 1.369599302,52.9053542423333 1.36960628533333,52.9053518573333 1.3696138665,52.9053491093333 1.36962123583333,52.9053467305 1.36962768283333,52.9053434811667 1.36963481316667,52.9053407751667 1.36964238816667,52.9053371553333 1.36965077383333,52.9053342246667 1.3696574475,52.9053308306667 1.36966486283333,52.905327396 1.36967476066667,52.9053251906667 1.3696833545,52.9053221873333 1.36968998983333,52.905319599 1.36969498416667,52.905316145 1.369703052,52.905313239 1.36970960366667,52.9053102958333 1.36971640016667,52.9053068868333 1.3697222685,52.9053045511667 1.3697281185,52.9053015515 1.36973523933333,52.905299019 1.369742104,52.9052955416667 1.36974995483333,52.9052929218333 1.369758216,52.9052900381667 1.36976546233333,52.9052861086667 1.36977296216667,52.9052839356667 1.36977937416667,52.905280652 1.36978646966667,52.9052779545 1.36979491583333,52.9052745845 1.36980245383333,52.9052718836667 1.3698098135,52.9052701161667 1.36981816916667,52.905267274 1.3698262815,52.9052645095 1.36983534766667,52.9052609203333 1.36984395566667,52.905257462 1.36985213616667,52.9052546531667 1.36986004266667,52.9052512858333 1.36986734216667,52.9052478263333 1.36987322333333,52.905245268 1.36987624616667,52.9052431951667 1.36988491583333,52.9052419393333 1.3698925885,52.9052387583333 1.36989921883333,52.9052361405 1.3699074765,52.905233014 1.36991615233333,52.9052303355 1.3699225855,52.9052275585 1.36993220483333,52.905224295 1.3699410335,52.9052210098333 1.36994821266667,52.9052183455 1.36995650966667,52.9052154685 1.36996504866667,52.9052124146667 1.36997310416667,52.9052091703333 1.36998229733333,52.9052059828333 1.36999104366667,52.9052030061667 1.3700004645,52.9051994913333 1.37000904816667,52.9051964955 1.3700170905,52.9051938333333 1.37002441533333,52.9051905251667 1.370031677,52.9051876076667 1.37003951866667,52.9051841881667 1.37004721583333,52.905181198 1.3700547635,52.9051790418333 1.37006215366667,52.9051758125 1.37006960183333,52.9051732075 1.37007743283333,52.9051703645 1.37008533233333,52.9051679198333 1.37009334333333,52.9051649991667 1.37010053033333,52.9051619041667 1.37010783766667,52.9051594188333 1.37011563433333,52.9051564426667 1.3701229905,52.9051536696667 1.370131081,52.905150415 1.37013887716667,52.905147648 1.370145889,52.9051458255 1.37015275733333,52.905143022 1.3701603385,52.9051407403333 1.3701681715,52.9051379721667 1.37017577783333,52.905135165 1.370183353,52.9051325918333 1.37019134916667,52.90512998 1.37019985666667,52.9051272743333 1.37020848833333,52.9051238521667 1.37021666683333,52.9051208886667 1.37022351833333,52.9051183056667 1.37023178966667,52.9051155015 1.3702404675,52.9051135585 1.37024894583333,52.9051107245 1.37025715383333,52.9051085435 1.3702652735,52.9051053128333 1.37027353466667,52.9051027108333 1.37028190116667,52.905100194 1.37028980233333,52.9050977473333 1.37029780716667,52.9050958443333 1.370306062,52.9050935448333 1.3703145125,52.9050916448333 1.37032264416667,52.9050893038333 1.37033148216667,52.9050876661667 1.3703397715,52.905085693 1.37034758166667,52.9050835106667 1.3703552065,52.9050820065 1.370363568,52.9050797243333 1.37037179966667,52.9050780051667 1.370379768,52.9050759055 1.3703880945,52.9050740678333 1.37039613116667,52.905071406 1.37040556966667,52.9050691586667 1.37041458283333,52.9050667648333 1.37042318183333,52.9050642403333 1.37043195733333,52.9050621818333 1.37044110716667,52.9050600703333 1.37045060516667,52.9050579618333 1.37045956283333,52.9050558658333 1.37046901566667,52.9050539423333 1.37047877983333,52.9050522226667 1.37048750966667,52.9050508111667 1.37049610583333,52.905049422 1.37050435633333,52.9050470403333 1.37051254383333,52.9050450376667 1.37052137233333,52.9050432265 1.37053058133333,52.9050410208333 1.37053946216667,52.9050391333333 1.37054692883333,52.9050364738333 1.37055433833333,52.905034777 1.37056174866667,52.9050324108333 1.37057006533333,52.9050305278333 1.37057783433333,52.9050288783333 1.37058523483333,52.9050268133333 1.37059309083333,52.9050252895 1.370600539,52.9050233313333 1.3706087755,52.9050215618333 1.37061728133333,52.9050193766667 1.37062501083333,52.9050176006667 1.37063303116667,52.9050166175 1.3706405375,52.9050150311667 1.37064835666667,52.9050137278333 1.37065642233333,52.9050122891667 1.37066455283333,52.9050113321667 1.37067269733333,52.9050099746667 1.37068119683333,52.9050087533333 1.370689287,52.9050075695 1.37069681633333,52.9050065011667 1.3707053045,52.9050058596667 1.37071321033333,52.9050045528333 1.37072159283333,52.9050039353333 1.370729597,52.905002542 1.370738237,52.9050020821667 1.37074665766667,52.905001401 1.3707556885,52.9050007586667 1.37076383733333,52.9050002066667 1.3707721935,52.9049994571667 1.37078054083333,52.9049989326667 1.37078907133333,52.904997828 1.37079779516667,52.9049972115 1.37080660566667,52.9049965131667 1.370814969,52.904995732 1.37082323533333,52.9049946473333 1.37083129783333,52.9049938096667 1.37083975683333,52.9049928345 1.37084823533333,52.9049921838333 1.37085691566667,52.9049920471667 1.37086477966667,52.9049914086667 1.37087356783333,52.9049914346667 1.37088226633333,52.9049907983333 1.3708909925,52.9049907736667 1.37089922,52.9049903046667 1.37090778016667,52.9049907263333 1.3709163995,52.9049905093333 1.3709252875,52.9049907506667 1.3709341875,52.9049907883333 1.37094312416667,52.9049908313333 1.37095224366667,52.904991244 1.37096061683333,52.9049912645 1.37096919383333,52.9049918313333 1.37097762066667,52.9049920236667 1.370985907,52.9049924608333 1.37099377583333,52.9049923601667 1.37100304866667,52.9049924195 1.3710117205,52.9049930403333 1.371018832,52.9049938228333 1.37102721566667,52.9049942213333 1.37103588766667,52.904993747 1.37104391383333,52.9049944566667 1.37105433266667,52.904995003 1.37106395166667,52.9049952768333 1.37107258783333,52.9049967321667 1.37108175833333,52.904997639 1.3710901655,52.9049987045 1.37109962933333,52.9049992598333 1.37110826116667,52.9050003271667 1.37111805766667,52.9050007668333 1.37112759916667,52.9050017915 1.37113773616667,52.9050028338333 1.37114776933333,52.905003628 1.37115654183333,52.9050053963333 1.3711660085,52.9050060556667 1.37117528516667,52.9050074838333 1.37118501416667,52.905008477 1.37119401516667,52.9050094446667 1.37120322716667,52.9050104201667 1.37121209666667,52.905011112 1.37122019483333,52.9050125596667 1.37122904116667,52.9050134721667 1.37123740583333,52.905014669 1.37124639083333,52.9050156158333 1.371255696,52.9050170283333 1.37126537066667,52.9050187666667 1.3712748315,52.9050196266667 1.37128372283333,52.9050213235 1.3712930305,52.9050226116667 1.37130165666667,52.9050245253333 1.37131076916667,52.905025724 1.37132049316667,52.9050274076667 1.371329312,52.905028958 1.37133836633333,52.9050298543333 1.37134619133333,52.9050319483333 1.37135512383333,52.90503306 1.371363158,52.9050345393333 1.371371695,52.90503558 1.37137956316667,52.9050374323333 1.37138748933333,52.9050388706667 1.37139611383333,52.9050405606667 1.371404087,52.9050420735 1.3714123145,52.9050432603333 1.37141955533333,52.9050453463333 1.3714276915,52.9050461503333 1.3714356045,52.9050477655 1.37144425716667,52.9050491761667 1.37145215183333,52.9050507843333 1.37146100016667,52.9050521718333 1.37146875416667,52.9050537035 1.37147713783333,52.905055289 1.37148559266667,52.9050562775 1.3714934035,52.905058059 1.3715021375,52.9050590736667 1.37151003766667,52.9050606868333 1.37151853116667,52.90506206 1.371527217,52.9050633916667 1.37153554966667,52.9050648091667 1.3715439685,52.9050659401667 1.371551621,52.9050677921667 1.371560343,52.9050687985 1.37156837183333,52.905070548 1.37157744116667,52.9050720361667 1.37158614633333,52.9050735091667 1.37159485866667,52.9050752148333 1.37160330483333,52.9050761323333 1.3716117145,52.9050774493333 1.37162018666667,52.905078178 1.37162866033333,52.9050794803333 1.3716381715,52.9050807098333 1.37164603466667,52.9050816733333 1.37165469966667,52.9050830341667 1.37166265433333,52.9050840215 1.37166984716667,52.9050857136667 1.37167805333333,52.9050871838333 1.37168569366667,52.9050892061667 1.37169465783333,52.9050906853333 1.3717024715,52.9050928416667 1.3717103305,52.9050944336667 1.37171769183333,52.9050966136667 1.37172588,52.9050982505 1.37173406283333,52.9051003293333 1.37174284,52.9051025588333 1.3717512075,52.905104348 1.37175915033333,52.9051063645 1.371767601,52.9051081728333 1.37177450316667,52.9051109563333 1.371782688,52.9051131206667 1.37179006683333,52.9051154843333 1.371799091,52.9051179425 1.37180714133333,52.905120152 1.3718153105,52.9051225253333 1.3718234855,52.9051241766667 1.37183160116667,52.905126494 1.371840158,52.905127919 1.37184787133333,52.9051299461667 1.3718564825,52.9051310696667 1.371864863,52.9051323441667 1.37187469916667,52.9051331698333 1.37188227033333,52.9051332135 1.3718905645,52.9051339941667 1.37189936383333,52.9051335591667 1.371907612,52.9051341998333 1.37191688683333,52.9051338105 1.3719248355,52.9051338936667 1.37193385866667,52.9051333018333 1.37194248183333,52.9051325323333 1.37195099666667,52.9051312461667 1.37195994583333,52.9051299968333 1.37196957466667,52.905129178 1.37197764516667,52.9051274378333 1.37198561333333,52.905126285 1.37199309216667,52.9051237605 1.37200045366667,52.9051214048333 1.37200791216667,52.9051182738333 1.37201519683333,52.9051153838333 1.37202240333333,52.9051116641667 1.3720288845,52.9051079663333 1.37203584616667,52.9051045295 1.37204256766667,52.9051009148333 1.37204949483333,52.9050972441667 1.37205572383333,52.905092981 1.37206170416667,52.9050886455 1.372067534,52.9050846018333 1.37207329816667,52.9050800871667 1.37207970883333,52.9050761771667 1.37208525933333,52.9050718888333 1.3720913475,52.9050684178333 1.372097936,52.9050635036667 1.37210330416667,52.9050593868333 1.372108819,52.9050549075 1.372115082,52.9050511763333 1.37212044883333,52.905046721 1.3721258325,52.905042283 1.3721311195,52.9050382433333 1.372135558,52.9050337063333 1.37214025083333,52.9050297051667 1.37214474533333,52.9050255625 1.372150002,52.905021969 1.372155186,52.9050178761667 1.37216097383333,52.9050147311667 1.37216639333333,52.9050105743333 1.37217243983333,52.9050081366667 1.37217779866667,52.9050042608333 1.37218442633333,52.905000847 1.37218976733333,52.904997308 1.372195561,52.9049933858333 1.3722011675,52.904989135 1.37220585233333,52.9049842855 1.37221096483333,52.90497994 1.3722144555,52.9049753711667 1.37221923266667,52.9049708421667 1.37222269233333,52.9049668738333 1.37222563683333,52.9049645401667 1.37222594016667,52.9049640438333 1.37222589583333,52.9049640075 1.37222593066667,52.9049639548333 1.3722259505,52.9049636298333 1.37222864583333,52.9049617391667 1.37223334866667,52.9049572335 1.37223789366667,52.904952802 1.37224107766667,52.9049487851667 1.37224562716667,52.9049451706667 1.37224871616667,52.9049415011667 1.37225243766667,52.9049384285 1.3722549485,52.9049366711667 1.37225601583333,52.904934644 1.3722561145,52.9049347151667 1.372255504,52.9049346018333 1.37225509983333,52.904934489 1.3722535065,52.9049376455 1.37224917966667,52.9049407618333 1.3722468935,52.904944042 1.37224374833333,52.9049460885 1.3722437865,52.9049473853333 1.37224400466667,52.9049472973333 1.372244739,52.9049448743333 1.372247537,52.9049406001667 1.37224957,52.9049362931667 1.37225393733333,52.9049317993333 1.37225865533333,52.9049272845 1.3722622475,52.9049230886667 1.3722669095,52.9049199336667 1.3722695865,52.904916535 1.37227179383333,52.9049152856667 1.37227264416667,52.9049150621667 1.3722731085,52.9049146438333 1.3722733775,52.9049142901667 1.37227411933333,52.9049131798333 1.372277591,52.9049106353333 1.37227867683333,52.9049101425 1.37227936583333,52.9049090185 1.37227983916667,52.9049078171667 1.37228258716667,52.9049053318333 1.37228430516667,52.9049042451667 1.3722847175,52.9049031773333 1.3722852015,52.9049024878333 1.37228553383333,52.9049027355 1.37228545116667,52.9049028038333 1.37228523316667,52.9049026908333 1.37228540483333,52.9049025481667 1.37228559466667,52.9049024476667 1.37228594466667,52.9049024516667 1.372285732,52.9049024985 1.37228559416667,52.9049025448333 1.37228565966667,52.904902615 1.37228562116667,52.9049026161667 1.372285468,52.9049025511667 1.37228550516667,52.9049023323333 1.37228574266667,52.9049018258333 1.37228710283333,52.9049005906667 1.37228955216667,52.9048985341667 1.37229092983333,52.904896849 1.372291657,52.904894629 1.37229244083333,52.904893428 1.372295648,52.9048895441667 1.37229904416667,52.9048852416667 1.37230253883333,52.9048816653333 1.372305006,52.9048790206667 1.37230778166667,52.904876755 1.37230973033333,52.9048741198333 1.3723121735,52.9048710405 1.37231424633333,52.9048693445 1.37231509266667,52.9048683281667 1.37231673416667,52.9048654893333 1.37232013416667,52.9048623776667 1.3723226325,52.904858257 1.372325509,52.90485536 1.372328238,52.9048523118333 1.37232991416667,52.9048500525 1.3723327215,52.90484919 1.372332923,52.9048492188333 1.3723323095,52.9048492563333 1.3723316795,52.9048491055 1.37233149983333,52.9048483748333 1.37233110766667,52.9048481118333 1.37233286683333,52.9048464176667 1.37233509716667,52.9048454941667 1.37233645916667,52.9048423015 1.37233830616667,52.904840695 1.37233877683333,52.9048402215 1.3723398735,52.9048398273333 1.3723409385,52.9048397416667 1.372341537,52.9048388608333 1.37234251283333,52.904837493 1.37234403516667,52.9048373635 1.37234396916667,52.9048368771667 1.37234501733333,52.9048368341667 1.3723450665,52.9048368591667 1.372344572,52.9048368416667 1.372344607,52.9048368408333 1.372344604,52.9048368333333 1.3723443495,52.904836724 1.37234382916667,52.9048367468333 1.37234245883333,52.9048360211667 1.3723421885,52.9048353868333 1.37234216166667,52.9048352763333 1.3723420165,52.9048352341667 1.37234184266667,52.9048351965 1.3723421065,52.9048353096667 1.3723422495,52.9048355408333 1.37234210066667,52.9048356933333 1.3723412035,52.904836105 1.37234138683333,52.9048361258333 1.37234141283333,52.904836152 1.3723416145,52.9048361063333 1.3723412855,52.9048363798333 1.3723416075,52.9048364185 1.3723382825,52.9048357686667 1.37234109083333,52.9048359616667 1.372341458,52.9048361795 1.372341508,52.9048357146667 1.37234123466667,52.9048355505 1.37234183933333,52.9048357446667 1.37234282733333,52.9048359441667 1.372345087,52.9048344256667 1.37234698633333,52.9048327216667 1.37234988183333,52.9048301495 1.37235165416667,52.9048281573333 1.37235245366667,52.9048273293333 1.37235506266667,52.9048256765 1.37235564516667,52.904823713 1.37235574566667,52.9048227981667 1.37235657216667,52.9048218516667 1.37235954616667,52.9048204353333 1.372360147,52.904819593 1.3723608395,52.9048197391667 1.372360846,52.9048198183333 1.372360831,52.9048196521667 1.3723614005,52.9048197593333 1.3723609795,52.9048197156667 1.37236194733333,52.9048198783333 1.372364754,52.9048209643333 1.37236554733333,52.904820793 1.37236504166667,52.9048206411667 1.37236341833333,52.9048205265 1.37236023183333,52.9048200773333 1.37236286616667,52.904817294 1.37236419016667,52.9048134363333 1.372367178,52.9048090775 1.37237006583333,52.9048046643333 1.37237370116667,52.9048012551667 1.37237681433333,52.904797916 1.3723795785,52.9047949093333 1.37238254766667,52.9047907693333 1.3723868535,52.9047870976667 1.37238955433333,52.9047837593333 1.372392499,52.9047802938333 1.372395658,52.904776772 1.37239851416667,52.9047727998333 1.37240155983333,52.9047688761667 1.37240422816667,52.9047638621667 1.37240723716667,52.9047597663333 1.37240933266667,52.9047559776667 1.37241265766667,52.9047519531667 1.37241434816667,52.9047481543333 1.37241850466667,52.9047448745 1.372421903,52.9047409691667 1.37242557566667,52.9047374485 1.372427879,52.9047337061667 1.372430342,52.9047305378333 1.37243311133333,52.9047276543333 1.37243541383333,52.9047242156667 1.37243883333333,52.9047209706667 1.372441232,52.9047178998333 1.37244233183333,52.9047189878333 1.37244197316667,52.9047187421667 1.37244143833333,52.9047189416667 1.37244138783333,52.9047189893333 1.372441373,52.9047183771667 1.37244254183333,52.9047165885 1.37244442666667,52.9047150425 1.37244280866667,52.9047129985 1.37244420333333,52.9047115251667 1.3724448295,52.9047100215 1.37244624133333,52.9047073653333 1.3724464695,52.9047071081667 1.37244731866667,52.9047069345 1.37244744933333,52.9047069636667 1.37244659833333,52.9047070623333 1.37244653383333,52.9047067586667 1.37244566233333,52.9047067131667 1.37244582783333,52.9047067628333 1.37244566366667,52.9047067223333 1.37244516683333,52.904706768 1.372445421,52.9047071426667 1.37244705566667,52.9047080908333 1.37244886033333,52.9047082041667 1.372453088,52.9047048713333 1.372456319,52.9047005605 1.37245901133333,52.9046972476667 1.37246206016667,52.9046941275 1.3724655465,52.9046904278333 1.37247035466667,52.904686905 1.37247391616667,52.9046832608333 1.372478193,52.904679509 1.37248066816667,52.9046765123333 1.37248369783333,52.9046732966667 1.37248728383333,52.9046699151667 1.37249128366667,52.9046656261667 1.3724959325,52.9046614318333 1.37249968033333,52.9046569461667 1.37250476166667,52.9046531426667 1.372509054,52.9046492633333 1.37251340066667,52.904645143 1.37251831416667,52.9046404773333 1.3725234125,52.9046366781667 1.37252885616667,52.9046321501667 1.37253475583333,52.9046274401667 1.3725405435,52.9046221321667 1.37254708883333,52.9046169393333 1.37255236933333,52.9046117721667 1.37255777916667,52.904606225 1.37256364933333,52.9046012491667 1.37256871216667,52.9045961121667 1.37257461566667,52.9045910006667 1.37257944033333,52.9045856015 1.37258534266667,52.904580239 1.3725916285,52.9045746431667 1.37259782683333,52.9045698411667 1.3726039965,52.9045647978333 1.37260902683333,52.9045595175 1.37261486616667,52.9045538818333 1.37262079966667,52.9045481173333 1.37262659183333,52.904542488 1.372633009,52.9045371198333 1.37263823183333,52.9045309558333 1.37264453133333,52.9045253676667 1.37265021516667,52.9045192358333 1.37265514716667,52.9045134781667 1.37266080766667,52.9045088098333 1.37266417366667,52.9045042431667 1.37266914333333,52.9045002903333 1.3726735205,52.9044953843333 1.37267919183333,52.9044905798333 1.37268416083333,52.9044858845 1.37268922516667,52.9044821166667 1.3726923265,52.9044783515 1.37269582483333,52.9044758025 1.37269860333333,52.9044719081667 1.37270301216667,52.9044686645 1.3727070515,52.9044658 1.37270967383333,52.9044622268333 1.37271463,52.9044589371667 1.37271876566667,52.9044556858333 1.3727241995,52.904451931 1.3727278445,52.9044491018333 1.37273106933333,52.9044459391667 1.37273508583333,52.904444131 1.372737001,52.9044429956667 1.3727407755,52.9044396 1.37274443233333,52.9044382466667 1.37274535133333,52.9044380613333 1.37274558283333,52.9044379463333 1.37274520483333,52.9044378278333 1.37274655733333,52.904436396 1.3727465345,52.9044364205 1.3727465215,52.9044365786667 1.37274601583333,52.9044369828333 1.372745154,52.9044359043333 1.37274517666667,52.9044361228333 1.37274524233333,52.9044367271667 1.372747534,52.904435934 1.37275259566667,52.9044336638333 1.3727581825,52.9044315068333 1.37276350133333,52.9044283798333 1.3727713045,52.9044277725 1.37277718583333,52.904425578 1.37278302366667,52.9044234718333 1.37278931566667,52.9044209638333 1.37279607783333,52.9044180621667 1.37280344966667,52.9044151238333 1.372809813,52.9044125563333 1.3728172585,52.9044102138333 1.37282448,52.9044070505 1.3728325855,52.9044048526667 1.37284064466667,52.904402179 1.372849562,52.904400362 1.372858532,52.9043979971667 1.372868174,52.904396453 1.37287852766667,52.9043946431667 1.37288852283333,52.9043922233333 1.37289847433333,52.9043910525 1.37290828383333,52.9043896093333 1.37291794516667,52.9043889425 1.3729285975,52.904387469 1.37293993583333,52.9043864908333 1.3729502535,52.9043863398333 1.372960479,52.9043854126667 1.3729709645,52.9043848408333 1.372982287,52.9043834715 1.37299399233333,52.9043822468333 1.37300499333333,52.9043816388333 1.37301607666667,52.904379827 1.3730285965,52.9043781878333 1.37304018166667,52.9043767905 1.3730506065,52.9043753163333 1.373061989,52.904374584 1.37307436933333,52.9043733156667 1.37308699866667,52.9043723813333 1.3730997225,52.9043722843333 1.3731124005,52.9043720543333 1.37312513516667,52.9043715166667 1.37313696266667,52.9043718378333 1.3731493145,52.904372361 1.37316183783333,52.9043723936667 1.373173529,52.904373145 1.373184953,52.9043733316667 1.37319720083333,52.9043735785 1.37320798883333,52.9043744078333 1.37321881233333,52.9043739618333 1.37323040516667,52.9043739368333 1.3732419185,52.9043739268333 1.37325296816667,52.9043739915 1.37326382616667,52.9043750155 1.37327472666667,52.9043752815 1.373285469,52.904376108 1.37329619266667,52.9043767365 1.37330693483333,52.9043763688333 1.37331817366667,52.9043766268333 1.37332933083333,52.9043768958333 1.37334107583333,52.9043771371667 1.37335143233333,52.9043780281667 1.37336210366667,52.9043780936667 1.37337261616667,52.904378972 1.3733840085,52.9043795945 1.37339563033333,52.9043799123333 1.37340708783333,52.904380802 1.37341767533333,52.9043811478333 1.373428309,52.9043818658333 1.37343826483333,52.9043826098333 1.373448506,52.9043831765 1.373457425,52.9043844326667 1.3734676635,52.9043849241667 1.3734768085,52.9043863426667 1.37348814533333,52.9043869363333 1.37349847983333,52.9043872475 1.373508768,52.9043881548333 1.37351854733333,52.9043879471667 1.37352863066667,52.9043887993333 1.373538283,52.904388616 1.37354932283333,52.9043883766667 1.37355865533333,52.9043884383333 1.37356901516667,52.904387543 1.3735806185,52.904387613 1.37359182416667,52.9043872511667 1.37360195783333,52.9043865433333 1.37361183616667,52.9043861265 1.37362218,52.9043852001667 1.37363179633333,52.9043850648333 1.373641638,52.9043848756667 1.37365297583333,52.9043858405 1.37366298166667,52.9043871476667 1.37367192366667,52.9043878838333 1.37368055683333,52.9043888598333 1.3736911705,52.90438903 1.3737008825,52.904390514 1.373710648,52.9043913666667 1.37372077966667,52.9043918236667 1.3737309765,52.9043928791667 1.37374125816667,52.9043932668333 1.37374994933333,52.904394397 1.37375900883333,52.904394822 1.37376471866667,52.9043954873333 1.37376518066667,52.9043953603333 1.37376381216667,52.9043945801667 1.37376375433333,52.9043942915 1.373765589,52.9043944291667 1.37376584433333,52.9043945053333 1.3737653455,52.9043947768333 1.37376494266667,52.9043948471667 1.37376514916667,52.9043948936667 1.373765545,52.9043948726667 1.37376551483333,52.9043957546667 1.37376557133333,52.9043958895 1.37376507833333,52.9043955996667 1.37376530916667,52.9043957785 1.37376507616667,52.9043957126667 1.37376494683333,52.9043956726667 1.373764761,52.9043952955 1.37376471233333,52.9043951025 1.37376473583333,52.9043949843333 1.37376480766667,52.9043947935 1.37376513633333,52.9043958898333 1.37376477566667,52.9043958043333 1.37376496483333,52.9043958503333 1.37376500233333,52.9043959563333 1.373765254,52.9043958293333 1.37376575,52.9043932435 1.37376549366667,52.9043918583333 1.37376563866667,52.9043921573333 1.37376788883333,52.9043920676667 1.37376933433333,52.9043914451667 1.3737695105,52.9043913163333 1.37377087733333,52.9043915638333 1.3737776705,52.9043924361667 1.37378608383333,52.9043934101667 1.3737958085,52.9043938756667 1.37380595,52.9043948673333 1.37381548416667,52.9043966985 1.37382481983333,52.9043972806667 1.373832503,52.9043985996667 1.37383968066667,52.9043992905 1.37384382683333,52.904400092 1.3738443215,52.904400209 1.373844501,52.9044005151667 1.37384448183333,52.9044007226667 1.37384485033333,52.904400704 1.37384487566667,52.904400656 1.37384485366667,52.9044006873333 1.37384500466667,52.9044005436667 1.37384518966667,52.90440048 1.37384489583333,52.9044003968333 1.37384453716667,52.9044003773333 1.37384399433333,52.9044003941667 1.37384400416667,52.9044003333333 1.37384381566667,52.9044001778333 1.37384397916667,52.9043996081667 1.373843592,52.9044000845 1.373843444,52.9044000323333 1.3738435755,52.9044001696667 1.37384358466667,52.9043999195 1.37384391816667,52.9044000535 1.37384622933333,52.9044018636667 1.37385137533333,52.9044035165 1.373857658,52.9044050193333 1.37386350883333,52.904406007 1.37386828183333,52.9044067726667 1.373867655,52.9044077346667 1.3738684475,52.9044082665 1.37387091883333,52.9044096153333 1.37387566183333,52.9044108741667 1.37388357866667,52.9044125243333 1.3738918185,52.9044132143333 1.37390029066667,52.9044141338333 1.37390857,52.9044141595 1.37391677183333,52.9044144138333 1.373925062,52.904414696 1.37393237366667,52.904415767 1.37393938583333,52.9044158956667 1.37394315083333,52.9044158095 1.373946153,52.9044161833333 1.37394799433333,52.9044162873333 1.3739481365,52.9044159736667 1.3739520715,52.9044147545 1.37395418066667,52.9044144128333 1.37395836833333,52.904416207 1.3739650915,52.9044163421667 1.37397113916667,52.9044174268333 1.37397911683333,52.9044176501667 1.37398691416667,52.9044185588333 1.37399329666667,52.9044185851667 1.37399627333333,52.9044187433333 1.37400005666667,52.9044198426667 1.37400649133333,52.9044206391667 1.37401161766667,52.9044206251667 1.37401460833333,52.9044207745 1.37401471316667,52.904420844 1.37401663783333,52.9044214268333 1.37401966116667,52.9044212755 1.374020321,52.904422173 1.37402167,52.9044221466667 1.37402589633333,52.9044227215 1.37403168766667,52.9044233068333 1.37403684083333,52.9044241843333 1.374038896,52.9044245038333 1.37404220666667,52.9044247946667 1.37404473066667,52.9044254925 1.37405108633333,52.9044270801667 1.37405897616667,52.9044279036667 1.37406639233333,52.9044293873333 1.37407015466667,52.904429903 1.374075934,52.9044293938333 1.37408235066667,52.9044316618333 1.374089788,52.9044326341667 1.374096766,52.904433611 1.37410210216667,52.9044348 1.3741085285,52.9044354135 1.37411485366667,52.9044371926667 1.37411915066667,52.904437715 1.37412528633333,52.9044380178333 1.37413153666667,52.9044391411667 1.374138145,52.9044392815 1.37414353716667,52.9044402563333 1.37414626616667,52.9044408235 1.37414969516667,52.9044400628333 1.374151545,52.9044405885 1.37415307666667,52.9044407648333 1.37415983783333,52.9044422863333 1.3741654655,52.9044424123333 1.37416950883333,52.904443059 1.374173843,52.9044444798333 1.37417072083333,52.9044446871667 1.3741637465,52.9044449155 1.37415321866667,52.9044437508333 1.37414579666667,52.9044423558333 1.37414051133333,52.9044414028333 1.3741341475,52.9044413215 1.3741269675,52.9044394501667 1.37411927683333,52.9044386156667 1.37410910366667,52.9044365301667 1.37409824266667,52.9044344246667 1.37409490683333,52.9044336948333 1.3740963135,52.9044330093333 1.37409720883333,52.9044338666667 1.374097404,52.9044341391667 1.3740993825,52.9044349076667 1.37410442866667,52.9044361723333 1.37411034033333,52.9044377255 1.3741173735,52.9044392896667 1.37412383016667,52.9044418496667 1.37413103783333,52.904442932 1.37413864766667,52.9044454541667 1.37414779983333,52.904447473 1.3741577695,52.9044494753333 1.3741692925,52.9044516463333 1.37418177516667,52.9044535753333 1.37419484066667,52.90445588 1.3742081055,52.9044579148333 1.374221682,52.9044590176667 1.3742353605,52.9044598635 1.3742483065,52.904460955 1.37426112733333,52.904462052 1.374273686,52.9044626135 1.37428565733333,52.90446335 1.37429658533333,52.9044641301667 1.37430897383333,52.9044644291667 1.374320899,52.9044644511667 1.37433242333333,52.9044647501667 1.37434441283333,52.904465027 1.374356483,52.9044649341667 1.374368252,52.9044647748333 1.3743800575,52.9044644885 1.37439202383333,52.9044640161667 1.3744039915,52.9044630118333 1.3744151525,52.9044617421667 1.37442605016667,52.904459401 1.3744364555,52.9044569406667 1.374447943,52.9044547955 1.3744568355,52.9044528863333 1.3744625025,52.9044518941667 1.37447154066667,52.904449661 1.37448178383333,52.9044471888333 1.37449094833333,52.9044453896667 1.37450055216667,52.904443133 1.37451064466667,52.9044412705 1.3745206595,52.9044387695 1.37452979533333,52.904436376 1.37453101433333,52.9044359355 1.37452936083333,52.9044358983333 1.374534986,52.9044352715 1.3745423865,52.9044335693333 1.374551922,52.9044309395 1.37455947033333,52.9044285056667 1.3745670745,52.9044263448333 1.3745748545,52.9044231638333 1.37458047416667,52.9044208756667 1.3745830855,52.9044202236667 1.37458794983333,52.9044184318333 1.374595414,52.9044163123333 1.37460329033333,52.904412885 1.374611171,52.904409844 1.3746155665,52.9044072453333 1.3746179075,52.9044065641667 1.374618927,52.9044064521667 1.37461984133333,52.9044063628333 1.374622004,52.904405698 1.37462767166667,52.904402805 1.37463523166667,52.9043996603333 1.374642028,52.9043959401667 1.37464902716667,52.9043933991667 1.37465354166667,52.9043904701667 1.37465687366667,52.9043889555 1.37465747316667,52.9043885018333 1.374656258,52.904387987 1.3746571045,52.9043874475 1.37465950983333,52.904386443 1.374666566,52.9043839678333 1.37467374216667,52.9043800173333 1.37468173316667,52.9043759273333 1.37469055233333,52.9043723196667 1.37469934216667,52.9043677578333 1.37470855483333,52.9043634841667 1.3747173515,52.9043586338333 1.37472611683333,52.9043530825 1.37473519633333,52.9043482301667 1.37474475216667,52.9043423221667 1.3747543345,52.9043365856667 1.3747632915,52.9043317923333 1.37477106866667,52.9043261376667 1.37477823983333,52.9043205561667 1.37478510283333,52.904314227 1.37479213416667,52.9043083146667 1.37479898333333,52.904301469 1.37480549133333,52.904294337 1.37481193966667,52.9042878715 1.37481947366667,52.9042807768333 1.37482531366667,52.9042730548333 1.37483090566667,52.9042653446667 1.37483591033333,52.9042583373333 1.37484138283333,52.9042517853333 1.3748471,52.9042454746667 1.37485366683333,52.9042386908333 1.3748599915,52.9042321428333 1.374866969,52.9042254508333 1.37487334883333,52.9042189221667 1.37487937933333,52.9042122265 1.37488519183333,52.904205637 1.37489030316667,52.9041985575 1.374896301,52.9041913636667 1.37490231616667,52.9041847106667 1.37490800766667,52.9041775941667 1.37491345816667,52.9041700238333 1.37491865633333,52.9041629625 1.37492431966667,52.9041555215 1.37493034,52.9041483523333 1.37493558383333,52.904140722 1.3749402775,52.9041346583333 1.37494122933333,52.9041309378333 1.37494232533333,52.9041295421667 1.37494328033333,52.9041289845 1.374945668,52.904127225 1.374947853,52.904123755 1.37495125033333,52.9041201575 1.374953943,52.9041151861667 1.374958444,52.9041103845 1.37496250733333,52.9041050413333 1.37496590583333,52.9041013648333 1.37496654416667,52.9040987631667 1.374968142,52.9040968953333 1.3749696895,52.9040955233333 1.37497040816667,52.9040955966667 1.37496979566667,52.9040954736667 1.3749706425,52.9040955618333 1.3749704405,52.9040940686667 1.37497176233333,52.904091867 1.37497328633333,52.9040907698333 1.37497309816667,52.9040905401667 1.37497506883333,52.904089523 1.374977764,52.9040857868333 1.37498183366667,52.9040812371667 1.37498538916667,52.9040765483333 1.37499018333333,52.9040714401667 1.37499429233333,52.904065785 1.37499970966667,52.9040604285 1.37500645283333,52.9040535936667 1.37501142483333,52.904047724 1.37501757966667,52.904041292 1.37502408916667,52.904034386 1.37502991366667,52.9040276971667 1.37503478283333,52.9040217345 1.375039621,52.904016731 1.37504398783333,52.9040115138333 1.37504727383333,52.9040079428333 1.37504884866667,52.9040051913333 1.37505054066667,52.904004269 1.37505304816667,52.9040012943333 1.37505712666667,52.9039967925 1.37506003733333,52.9039928043333 1.37506468966667,52.9039888615 1.37506624033333,52.9039889093333 1.3750720615,52.9039851051667 1.37507797916667,52.9039796133333 1.37508351566667,52.9039731463333 1.37508890633333,52.9039670371667 1.37509299616667,52.9039620886667 1.37509597316667,52.903957978 1.37510003033333,52.9039547631667 1.3751016655,52.9039512906667 1.37510231933333,52.9039500115 1.37510257416667,52.9039499803333 1.3751020075,52.9039502076667 1.37510191383333,52.903949527 1.3751033845,52.9039460166667 1.37510764583333,52.903941352 1.37511286366667,52.903936008 1.37511717666667,52.9039317163333 1.37511978216667,52.903926926 1.37512414916667,52.9039215306667 1.37512952866667,52.9039152188333 1.37513410316667,52.9039091455 1.3751387765,52.903904092 1.3751429615,52.9038986473333 1.37514783683333,52.9038936261667 1.3751517745,52.9038877913333 1.3751578325,52.9038818303333 1.37516196533333,52.9038764668333 1.375165785,52.903870712 1.375169708,52.9038660071667 1.37517272116667,52.9038611833333 1.37517558116667,52.903857429 1.37517445483333,52.9038537446667 1.375177418,52.903850734 1.3751787735,52.903848373 1.3751806695,52.9038463625 1.375182633,52.9038470875 1.37518371616667,52.9038466085 1.37518369366667,52.9038468731667 1.37518395333333,52.9038470375 1.37518347766667,52.9038473213333 1.375183293,52.9038474018333 1.3751833705,52.9038473538333 1.37518315633333,52.9038471603333 1.37518294266667,52.9038471563333 1.37518309916667,52.9038470276667 1.37518348433333,52.9038468113333 1.37518338016667,52.903845869 1.37518372966667,52.9038445533333 1.37518539716667,52.9038422075 1.3751882175,52.9038409095 1.3751886115,52.9038403746667 1.37518914966667,52.9038399551667 1.375190306,52.9038371235 1.37519015433333,52.9038354521667 1.375194573,52.9038307066667 1.37519866883333,52.9038263016667 1.37520255666667,52.9038214686667 1.37520529383333,52.9038169918333 1.37520849783333,52.9038137668333 1.375211325,52.9038089306667 1.37521594033333,52.9038040961667 1.37521949,52.9037988136667 1.37522440833333,52.903793966 1.37522908733333,52.903787924 1.37523364466667,52.90378256 1.3752395685,52.903777943 1.375243608,52.9037729483333 1.37525045883333,52.9037685028333 1.3752559525,52.9037630275 1.3752616135,52.9037586415 1.375267987,52.903753401 1.37527367966667,52.9037477726667 1.37528103383333,52.9037421975 1.37528814983333,52.903736383 1.375295232,52.9037304478333 1.375302698,52.9037248255 1.37531029,52.9037197526667 1.37531834583333,52.9037146213333 1.3753260795,52.9037093071667 1.37533326616667,52.9037041055 1.3753397805,52.9036991676667 1.37534652116667,52.9036928808333 1.37535360266667,52.903687644 1.37536013766667,52.903683727 1.37536475333333,52.9036805975 1.37537063083333,52.9036775948333 1.3753754585,52.9036753591667 1.3753805325,52.9036716443333 1.37538670716667,52.9036686953333 1.37539256383333,52.9036651691667 1.37539844566667,52.9036631598333 1.37540245383333,52.9036609171667 1.37540442533333,52.9036605383333 1.37540822483333,52.9036586518333 1.375413768,52.9036559601667 1.37541928466667,52.9036530646667 1.37542549883333,52.9036500491667 1.37543261566667,52.9036460805 1.3754403715,52.9036425361667 1.3754473885,52.9036384491667 1.37545439033333,52.9036349205 1.37546123583333,52.9036308355 1.37546686116667,52.9036284921667 1.37547060466667,52.903625519 1.37547350766667,52.9036247746667 1.37547376016667,52.9036248086667 1.37547371483333,52.9036245978333 1.37547368133333,52.9036242156667 1.37547352533333,52.9036241203333 1.37547340333333,52.9036242385 1.37547339483333,52.9036241126667 1.375473258,52.9036240385 1.3754732865,52.9036240528333 1.3754732605,52.9036240058333 1.37547349433333,52.9036240271667 1.375473256,52.903624003 1.3754733665,52.9036240265 1.3754732725,52.9036239968333 1.37547334666667,52.9036240883333 1.37547358066667,52.9036241675 1.3754735855,52.9036241511667 1.37547361633333,52.903624104 1.375474028,52.9036243045 1.375473807,52.9036241548333 1.3754734405,52.9036243441667 1.37547357633333,52.903624193 1.3754737065,52.9036240126667 1.37547381266667,52.9036240746667 1.37547406083333,52.9036239726667 1.37547420316667,52.9036239885 1.37547417233333,52.9036240298333 1.37547427533333,52.90362408 1.37547426583333,52.903624051 1.37547398683333,52.9036240081667 1.37547386933333,52.9036246413333 1.37547361116667,52.9036243236667 1.37547376633333,52.9036242995 1.375473536,52.9036242006667 1.37547366233333,52.90362419 1.37547423216667,52.903624418 1.37547400833333,52.903624373 1.375473514,52.9036240343333 1.37547369316667,52.9036239291667 1.37547521183333,52.9036235031667 1.37548142916667,52.903621611 1.37548929516667,52.9036182955 1.375496727,52.9036143163333 1.37550441883333,52.9036113756667 1.37551284283333,52.9036078903333 1.37552181883333,52.9036048658333 1.37553040433333,52.9036015065 1.37553994816667,52.903598751 1.37555028666667,52.9035964223333 1.37556118933333,52.9035939361667 1.375570615,52.9035926975 1.37558036183333,52.9035902458333 1.37559042716667,52.9035895153333 1.37559965033333,52.9035875261667 1.3756099685,52.9035864571667 1.3756216615,52.9035843748333 1.3756327715,52.903582019 1.37564409816667,52.9035801666667 1.37565657866667,52.9035775958333 1.37566844166667,52.9035755418333 1.37567994733333,52.9035744178333 1.37569229483333,52.9035730728333 1.37570465833333,52.9035716976667 1.37571749466667,52.9035708905 1.3757312445,52.9035696578333 1.37574349483333,52.9035683621667 1.37575562066667,52.9035677713333 1.37576876883333,52.9035671726667 1.37578152183333,52.9035673696667 1.37579390583333,52.9035679961667 1.37580679516667,52.90356883 1.37581912716667,52.9035695441667 1.375833874,52.9035709736667 1.37585029916667,52.9035725153333 1.37586705833333,52.9035736461667 1.37588315983333,52.9035747125 1.37589874366667,52.9035760785 1.37591447383333,52.9035780948333 1.37593021583333,52.9035795566667 1.375945928,52.9035810513333 1.37596118833333,52.9035823953333 1.37597576966667,52.9035842393333 1.37599064566667,52.9035861236667 1.3760062195,52.9035877983333 1.37602122816667,52.903589135 1.376036877,52.9035902923333 1.3760516215,52.9035916218333 1.37606609016667,52.9035927185 1.37607997783333,52.9035942758333 1.37609384766667,52.90359584 1.37610835366667,52.9035971296667 1.37612321116667,52.903598329 1.37613732016667,52.9035992773333 1.37615190516667,52.9036002243333 1.37616612533333,52.903601605 1.37618003333333,52.9036031953333 1.37619003766667,52.903604792 1.37619928083333,52.9036069698333 1.37621103133333,52.9036069833333 1.37622542183333,52.9036068545 1.37623913366667,52.9036065168333 1.37625225,52.9036061946667 1.37626478866667,52.9036055231667 1.37627748833333,52.9036047625 1.376290673,52.9036037103333 1.3763014005,52.9036017913333 1.37630960833333,52.9036008505 1.37631781783333,52.9035991635 1.376329234,52.9035972688333 1.37633999783333,52.9035960795 1.37635157766667,52.9035937495 1.37636237816667,52.903590843 1.3763729685,52.9035882928333 1.37638362283333,52.9035847953333 1.37639366066667,52.9035821285 1.37640358,52.9035780826667 1.37641249466667,52.9035737995 1.37642145666667,52.9035701941667 1.37642991066667,52.9035654963333 1.37643859816667,52.9035608748333 1.37644710966667,52.9035566205 1.37645451333333,52.9035522171667 1.37646227016667,52.9035478686667 1.37646972666667,52.9035428873333 1.37647803383333,52.9035378435 1.3764869185,52.9035322881667 1.37649489166667,52.903526612 1.37650380483333,52.9035208066667 1.37651225933333,52.9035146536667 1.3765201675,52.9035089215 1.37652874933333,52.9035035218333 1.3765368775,52.9034977955 1.3765442305,52.903491447 1.37655071283333,52.9034851293333 1.37655754583333,52.903477246 1.3765626775,52.9034698585 1.37656871683333,52.9034636568333 1.3765742385,52.9034563271667 1.37657963633333,52.9034498723333 1.37658593283333,52.9034436126667 1.37659179433333,52.9034366386667 1.3765976705,52.903430076 1.37660487133333,52.9034244561667 1.37661078766667,52.9034175925 1.376616628,52.9034111618333 1.37662405683333,52.9034048573333 1.37663085216667,52.9033984966667 1.3766372685,52.903391782 1.37664435383333,52.9033856315 1.3766510195,52.9033788116667 1.376658673,52.903372474 1.37666745916667,52.9033667931667 1.37667682216667,52.9033607111667 1.376685068,52.9033551123333 1.376693748,52.9033492148333 1.376701662,52.9033424091667 1.376707334,52.9033350481667 1.376714003,52.9033281468333 1.37672198566667,52.9033223551667 1.37672984166667,52.903316406 1.37673829483333,52.903310822 1.37674798483333,52.9033059793333 1.37675788766667,52.9033000811667 1.376767347,52.9032946796667 1.37677736316667,52.9032892663333 1.37678709116667,52.9032836188333 1.37679569,52.9032779145 1.37680459283333,52.9032720208333 1.37681380366667,52.9032665121667 1.37682182566667,52.9032605621667 1.37683030716667,52.9032544363333 1.37683891033333,52.9032489176667 1.37684710933333,52.9032440861667 1.37685625833333,52.9032386631667 1.37686598766667,52.90323427 1.37687673016667,52.9032308276667 1.37688838133333,52.9032273673333 1.37689958233333,52.9032237493333 1.376910079,52.903219607 1.37692156366667,52.9032153655 1.37693319666667,52.903212224 1.376944473,52.9032081686667 1.37695464283333,52.9032038538333 1.3769643015,52.9032001273333 1.376975201,52.9031969918333 1.37698667183333,52.9031942071667 1.376999017,52.9031918401667 1.37701047183333,52.9031903166667 1.377023187,52.9031878421667 1.37703555183333,52.9031856901667 1.37704705866667,52.9031841816667 1.37705889266667,52.9031818716667 1.3770709925,52.9031798933333 1.37708296066667,52.9031786566667 1.37709552883333,52.9031768176667 1.377108477,52.903175076 1.377120794,52.9031735018333 1.37713405766667,52.9031714221667 1.37714635016667,52.9031689845 1.377159424,52.9031667123333 1.37717198816667,52.9031643118333 1.37718179283333,52.9031612418333 1.37718313333333,52.903160223 1.37718237133333,52.9031594548333 1.37718229566667,52.9031595331667 1.3771821295,52.9031591446667 1.3771832235,52.9031596798333 1.37718427683333,52.9031596811667 1.37718451383333,52.9031590843333 1.37718430916667,52.903158982 1.377184126,52.9031589998333 1.37718456166667,52.9031588521667 1.37718435166667,52.9031588533333 1.37718432483333,52.9031588098333 1.37718442166667,52.903158801 1.37718394416667,52.9031589021667 1.37718373083333,52.9031589318333 1.37718376116667,52.9031589553333 1.37718369483333,52.9031589388333 1.377183532,52.903158939 1.37718363716667,52.903158883 1.37718382566667,52.9031588656667 1.37718374016667,52.903158826 1.3771836755,52.9031588025 1.37718361533333,52.9031588303333 1.3771835615,52.9031587998333 1.37718359516667,52.9031587975 1.37718357466667,52.9031587931667 1.37718354716667,52.9031587746667 1.377183496,52.9031587298333 1.37718356116667,52.903158724 1.3771836335,52.9031587345 1.37718358883333,52.9031587263333 1.37718355366667,52.9031587285 1.37718345966667,52.9031587636667 1.37718350233333,52.9031587521667 1.37718350233333,52.9031588298333 1.37718352016667,52.903158889 1.37718331533333,52.9031588156667 1.3771827705,52.9031583695 1.37718190216667,52.9031588288333 1.377181962,52.903158954 1.37718337616667,52.903158488 1.37718409233333,52.9031594396667 1.3771892465,52.9031592273333 1.37719851033333,52.9031578121667 1.37721028866667,52.9031556786667 1.37722206866667,52.903152721 1.37723358316667,52.903150236 1.37724684133333,52.9031478436667 1.37725952966667,52.9031450721667 1.377272841,52.9031423615 1.37728457133333,52.9031399385 1.37729648666667,52.9031374616667 1.37730801766667,52.9031342006667 1.37732044633333,52.9031313496667 1.37733293066667,52.9031276231667 1.37734445516667,52.9031249303333 1.377356136,52.9031228721667 1.37736842083333,52.9031197556667 1.37738044633333,52.90311657 1.3773915645,52.9031142933333 1.37740325316667,52.9031111676667 1.377415753,52.9031073945 1.37742793366667,52.9031047561667 1.377441271,52.9031019196667 1.37745203716667,52.9030989315 1.37746332366667,52.9030961571667 1.37747653666667,52.9030930356667 1.37748941283333,52.9030897093333 1.37750208416667,52.9030869171667 1.3775145925,52.9030839176667 1.377526604,52.9030810683333 1.37753861683333,52.9030787643333 1.37755088733333,52.9030769348333 1.37756213,52.903074655 1.37757398333333,52.9030732066667 1.37758611566667,52.9030714161667 1.37759612233333,52.903069556 1.37760643516667,52.9030684083333 1.3776165605,52.9030667371667 1.37762522166667,52.9030656905 1.37763193716667,52.9030650806667 1.3776391255,52.9030643278333 1.37764766,52.9030635951667 1.37765233966667,52.903063531 1.377661473,52.9030637985 1.37767245333333,52.9030644793333 1.37768305766667,52.903064975 1.37769015933333,52.903065248 1.37769527416667,52.9030658286667 1.37770337283333,52.9030673638333 1.37771248066667,52.9030684565 1.3777187895,52.9030690673333 1.37771972533333,52.9030689146667 1.37771997233333,52.9030690353333 1.37771994316667,52.9030693201667 1.377719566,52.9030690656667 1.3777198345,52.9030692946667 1.37772023483333,52.9030692858333 1.37772021666667,52.9030691858333 1.3777200885,52.9030691633333 1.37771978983333,52.903069132 1.37771981133333,52.903069212 1.3777197965,52.9030691951667 1.37771977866667,52.9030691486667 1.377719793,52.9030692118333 1.3777198565,52.9030691943333 1.377719917,52.9030692313333 1.37772000366667,52.9030692261667 1.37772003683333,52.9030692101667 1.37771999233333,52.9030691881667 1.37771974466667,52.9030690333333 1.377719476,52.9030690823333 1.377719519,52.9030690455 1.3777195715,52.9030690896667 1.37771970816667,52.9030691323333 1.37772004883333,52.9030688061667 1.37772774116667,52.9030700648333 1.37773933783333,52.9030714666667 1.37775145066667,52.9030728966667 1.37776416533333,52.9030755233333 1.377779431,52.9030784543333 1.37779523233333,52.9030816596667 1.377810212,52.9030845318333 1.3778250435,52.9030865561667 1.37783878333333,52.9030892513333 1.37785470716667,52.9030914553333 1.37786935683333,52.9030930365 1.377885314,52.9030938701667 1.377900396,52.9030948335 1.37791677383333,52.9030962548333 1.37793326666667,52.9030971841667 1.37795088916667,52.9030975951667 1.37796731933333,52.9030968423333 1.37798338033333,52.903096439 1.377999134,52.9030959216667 1.37801565633333,52.9030952528333 1.37803141566667,52.9030947828333 1.37804789183333,52.903094241 1.37806358033333,52.9030936693333 1.37807896116667,52.9030931948333 1.37809422366667,52.9030920506667 1.37810931366667,52.9030907826667 1.37812522966667,52.9030893933333 1.37814076166667,52.9030882613333 1.378156199,52.9030872241667 1.37817150266667,52.9030862278333 1.37818680283333,52.9030848963333 1.37820169233333,52.9030824465 1.37821546083333,52.9030797263333 1.378230315,52.9030779275 1.37824555816667,52.9030763113333 1.37826104633333,52.903074576 1.37827534216667,52.903072575 1.37828967666667,52.9030700798333 1.37830408866667,52.9030677801667 1.37831849283333,52.9030652828333 1.3783323375,52.9030624871667 1.37834657883333,52.9030593703333 1.378360883,52.9030571116667 1.37837520366667,52.9030548513333 1.37839056483333,52.9030529655 1.378405538,52.903051079 1.37842110633333,52.9030491915 1.37843586266667,52.9030473771667 1.37845159233333,52.9030452898333 1.37846679916667,52.9030430436667 1.378481708,52.9030409338333 1.378497493,52.9030386521667 1.37851347816667,52.9030361065 1.3785273485,52.9030329431667 1.37854126866667,52.9030305605 1.37855379516667,52.9030286895 1.37856710633333,52.9030270196667 1.37858027166667,52.9030249061667 1.37859350766667,52.9030235045 1.37860477616667,52.9030214095 1.37861619266667,52.9030192426667 1.3786271095,52.9030173191667 1.37863885983333,52.9030152491667 1.37864945933333,52.9030126623333 1.378660066,52.9030102168333 1.37867127316667,52.9030082233333 1.37868252883333,52.9030060845 1.378693704,52.9030037566667 1.37870499633333,52.9030014678333 1.37871617366667,52.9029993465 1.37872694166667,52.9029970613333 1.37873822583333,52.9029945413333 1.37875040633333,52.9029920248333 1.37876292333333,52.9029890611667 1.37877600866667,52.9029862258333 1.3787893835,52.9029831805 1.37879959533333,52.9029797743333 1.37881385216667,52.9029754981667 1.37882705666667,52.9029717151667 1.37883934416667,52.9029670516667 1.3788503405,52.9029646123333 1.37886233433333,52.9029617773333 1.3788743765,52.902957944 1.37888678966667,52.9029544131667 1.37889909066667,52.9029510675 1.37891117,52.9029470891667 1.37892276016667,52.9029427935 1.37893460266667,52.9029385643333 1.3789456685,52.9029342678333 1.37895679483333,52.9029298525 1.378968216,52.9029261725 1.37898097033333,52.9029230628333 1.3789942615,52.9029195346667 1.37900703766667,52.902915928 1.37901942,52.9029123295 1.3790321245,52.9029091525 1.37904498783333,52.9029052768333 1.379056249,52.9029004673333 1.37906819233333,52.9028959066667 1.37907951783333,52.9028920798333 1.3790902955,52.9028882151667 1.37909946316667,52.9028840693333 1.379109403,52.9028801843333 1.3791195505,52.9028759013333 1.3791288135,52.9028710791667 1.3791393605,52.902866885 1.37914898366667,52.9028627846667 1.37915941583333,52.902857303 1.379169168,52.9028518166667 1.37917928116667,52.9028463325 1.3791897685,52.9028406868333 1.37919944766667,52.9028344821667 1.3792084175,52.9028284198333 1.37921643033333,52.9028225525 1.37922481666667,52.902815506 1.3792333005,52.9028091316667 1.37924269833333,52.902803137 1.37925212483333,52.9027979203333 1.3792624035,52.902791856 1.37927140716667,52.9027861213333 1.37928009183333,52.9027804811667 1.37928881366667,52.902774864 1.37929597266667,52.9027688938333 1.379303335,52.9027625495 1.37931116783333,52.902756597 1.37931864566667,52.902750141 1.379326625,52.9027443095 1.37933457433333,52.9027389751667 1.3793429525,52.9027331341667 1.379351207,52.9027267823333 1.37935965,52.9027204303333 1.37936780283333,52.9027145333333 1.379376066,52.9027076776667 1.37938281833333,52.9027008446667 1.37939110533333,52.9026942983333 1.379399716,52.9026882993333 1.37940897583333,52.9026816823333 1.37941807516667,52.9026757665 1.37942727933333,52.9026705536667 1.379436305,52.9026650363333 1.37944472,52.9026583398333 1.37945326316667,52.9026517023333 1.37946256283333,52.9026457506667 1.37947095883333,52.902639334 1.37947524916667,52.902635382 1.3794807375,52.9026315588333 1.379486034,52.9026257536667 1.37949185016667,52.902620408 1.3794978025,52.9026147221667 1.37950180516667,52.9026103135 1.37950574816667,52.9026069555 1.3795110545,52.9026026345 1.37951616766667,52.9025992915 1.37951911466667,52.9025983603333 1.379525314,52.9025948315 1.37952979466667,52.9025922638333 1.37953467316667,52.9025881518333 1.379541326,52.9025851891667 1.37954653966667,52.9025814098333 1.3795493125,52.9025794708333 1.37954921883333,52.902578868 1.37954919916667,52.90257685 1.379554616,52.9025730663333 1.37956302516667,52.9025693838333 1.379570656,52.9025656546667 1.3795791985,52.9025617863333 1.3795879875,52.9025572125 1.3795967265,52.9025515268333 1.37960598516667,52.9025456603333 1.37961591783333,52.902540357 1.37962688866667,52.9025356956667 1.3796376565,52.9025305428333 1.37964882016667,52.9025252768333 1.3796593395,52.902520208 1.37967082166667,52.9025148805 1.37968219233333,52.9025098585 1.37969376833333,52.9025053281667 1.37970496866667,52.9025012991667 1.37971683133333,52.902497372 1.37972815316667,52.9024930735 1.37973799216667,52.9024888963333 1.37974808333333,52.902484457 1.37975801583333,52.902480206 1.379767906,52.9024769556667 1.37977626833333,52.902473203 1.37978344933333,52.90246989 1.37978614816667,52.9024681281667 1.37978820383333,52.9024678646667 1.3797924015,52.902467217 1.379801409,52.9024639978333 1.379810444,52.9024600176667 1.37981862483333,52.9024568326667 1.379826891,52.9024529831667 1.3798374065,52.9024492965 1.37984893583333,52.9024449428333 1.37985833966667,52.902441386 1.37986966283333,52.9024378093333 1.37988052033333,52.9024341771667 1.37989044033333,52.9024303241667 1.37990090533333,52.9024264956667 1.3799094705,52.9024229016667 1.37991851966667,52.9024189246667 1.37992798516667,52.9024155286667 1.37993758583333,52.9024128435 1.379948216,52.9024099648333 1.37995869066667,52.9024060248333 1.379968224,52.9024016216667 1.37997830816667,52.902397438 1.3799895295,52.9023936221667 1.37999942633333,52.9023899665 1.3800093115,52.9023863003333 1.38001959833333,52.9023826628333 1.38002860566667,52.9023790548333 1.380038454,52.9023756098333 1.38004737866667,52.9023720598333 1.380056014,52.9023684788333 1.38006554966667,52.902364959 1.3800746515,52.9023614848333 1.380084503,52.9023585535 1.38009454366667,52.902355061 1.38010370233333,52.9023505088333 1.38011324133333,52.9023467916667 1.38012421083333,52.9023436803333 1.3801344475,52.902340193 1.3801442815,52.9023367221667 1.38015511666667,52.9023331205 1.380166364,52.9023289613333 1.3801774435,52.9023249976667 1.38018961216667,52.9023210403333 1.38020219933333,52.9023166981667 1.38021385466667,52.9023114108333 1.38022403583333,52.9023076845 1.3802343575,52.9023044371667 1.38024598583333,52.9023014333333 1.3802576305,52.9022979563333 1.38027046283333,52.902294069 1.3802833615,52.9022902948333 1.38029602683333,52.9022861833333 1.38030819583333,52.9022820086667 1.38032101416667,52.9022779141667 1.38033370016667,52.9022743295 1.380345899,52.902269661 1.3803574125,52.9022649185 1.38036917066667,52.902260326 1.3803816395,52.9022558763333 1.38039408716667,52.9022512995 1.38040593233333,52.9022469893333 1.38041756216667,52.9022436316667 1.380429907,52.9022391026667 1.3804410055,52.902234079 1.38045103383333,52.902229672 1.380459471,52.9022265485 1.38046405866667,52.9022234598333 1.38046623166667,52.9022225933333 1.38046673,52.9022221198333 1.3804702675,52.9022196483333 1.38047619383333,52.9022173223333 1.38047880133333,52.9022145556667 1.380481866,52.9022128076667 1.3804891675,52.9022096246667 1.38049825183333,52.9022058716667 1.380504836,52.9022023536667 1.3805105325,52.9022005435 1.38051034483333,52.9022000426667 1.38051176716667,52.9021998318333 1.3805167215,52.9021985425 1.38052422783333,52.9021956715 1.38053287316667,52.9021932391667 1.38053821416667,52.9021912866667 1.38053927883333,52.9021911015 1.3805393245,52.9021911816667 1.38053983566667,52.902191267 1.38054021433333,52.9021913771667 1.38053963716667,52.9021917476667 1.38053952666667,52.9021917571667 1.3805412785,52.902191405 1.3805415815,52.902191363 1.38054156083333,52.9021912326667 1.38054154466667,52.9021911066667 1.38054142383333,52.9021909518333 1.380541233,52.9021908833333 1.38054259,52.9021908618333 1.38054816633333,52.9021904091667 1.38055652583333,52.9021902456667 1.38055896183333,52.9021907361667 1.38056105966667,52.9021904181667 1.38056500283333,52.9021904748333 1.38056963916667,52.9021907983333 1.38057263483333,52.9021913496667 1.3805758505,52.9021919136667 1.380582393,52.9021906831667 1.3805895905,52.9021897733333 1.38059806716667,52.902191109 1.38060566733333,52.9021908406667 1.3806139865,52.9021911756667 1.380622669,52.9021902685 1.38063119816667,52.9021893136667 1.38063566666667,52.9021883975 1.38063626233333,52.9021883163333 1.380638077,52.9021878848333 1.38064551783333,52.9021865185 1.38065126733333,52.9021846846667 1.38065408783333,52.9021847331667 1.38065457683333,52.9021849086667 1.3806561215,52.9021843221667 1.38066302716667,52.9021817333333 1.3806708055,52.9021793658333 1.380677086,52.9021771428333 1.38068270516667,52.9021754833333 1.380688286,52.9021724858333 1.38069445166667,52.9021689538333 1.380701025,52.9021652508333 1.38070787933333,52.9021620455 1.3807167935,52.9021589156667 1.38072695516667,52.902154786 1.38073808716667,52.9021503345 1.38074951183333,52.9021462523333 1.380761897,52.9021415878333 1.38077360316667,52.9021367876667 1.3807815655,52.902132945 1.38078680516667,52.9021300845 1.38079105183333,52.9021282803333 1.380794132,52.9021265576667 1.38079435233333,52.9021262041667 1.38079408883333,52.9021263911667 1.38079393866667,52.9021264483333 1.380792507,52.9021267536667 1.38079233616667,52.90212655 1.38079276633333,52.9021263018333 1.38079300733333,52.9021261788333 1.3807932085,52.9021262841667 1.38079336416667,52.9021262995 1.3807935235,52.9021262478333 1.38079344733333,52.9021262215 1.3807931705,52.9021263528333 1.3807950275,52.9021252125 1.38079616933333,52.9021232751667 1.38080124416667,52.902121912 1.38080536533333,52.9021200201667 1.38080849833333,52.9021186566667 1.38081197533333,52.9021180593333 1.3808135405,52.9021174585 1.38081348616667,52.9021174931667 1.38081339066667,52.9021175093333 1.380812157,52.902117343 1.38081118283333,52.9021164646667 1.3808137415,52.9021158148333 1.38081852866667,52.9021150676667 1.38082156033333,52.9021150715 1.38082273333333,52.9021152671667 1.38082382833333,52.9021142336667 1.3808285935,52.9021139241667 1.3808326995,52.9021121185 1.38083480066667,52.9021121618333 1.38083672933333,52.9021128943333 1.38083668666667,52.9021149903333 1.3808351255,52.9021155058333 1.38083732283333,52.9021146711667 1.38084345916667,52.9021142041667 1.3808539155,52.9021124813333 1.38086252266667,52.9021104243333 1.38086720133333,52.9021098553333 1.38087361283333,52.9021082525 1.38088276066667,52.9021067456667 1.38089066066667,52.9021055 1.3808916915,52.902105005 1.38089161166667,52.9021051071667 1.3808917855,52.9021052605 1.38089187783333,52.9021052383333 1.38089196316667,52.9021053576667 1.38089216483333,52.9021054006667 1.38089236383333,52.902105135 1.38089284416667,52.9021047503333 1.38089292216667,52.9021046853333 1.380892783,52.9021044328333 1.38089584283333,52.9021039613333 1.3808993815,52.902102225 1.380904296,52.902101923 1.38090633783333,52.9021008416667 1.3809085675,52.9020989538333 1.3809135585,52.9020971596667 1.3809183575,52.9020960008333 1.380919659,52.9020958546667 1.38092188766667,52.9020961081667 1.3809250265,52.9020962856667 1.38092881933333,52.9020954695 1.3809332175,52.9020947918333 1.380938632,52.9020951396667 1.380941151,52.9020947211667 1.38094691733333,52.9020945623333 1.38095100416667,52.9020951906667 1.38095724783333,52.9020934481667 1.38096193766667,52.9020927998333 1.38096263283333,52.9020926453333 1.380961765,52.902092868 1.38096199283333,52.9020923746667 1.38096224533333,52.9020922046667 1.380962271,52.9020921368333 1.3809624825,52.9020921508333 1.380962555,52.9020921498333 1.38096226716667,52.9020918526667 1.38096300116667,52.9020913458333 1.380963565,52.9020911948333 1.3809635805,52.9020909121667 1.38096208066667,52.902089029 1.38096789466667,52.9020879685 1.380975515,52.902085285 1.3809843605,52.9020836006667 1.38099019366667,52.9020815623333 1.38099657233333,52.9020809878333 1.38100384866667,52.902078612 1.38101045316667,52.9020773995 1.38101828916667,52.9020760016667 1.3810247395,52.9020757955 1.38103207283333,52.9020735135 1.3810398305,52.902071904 1.38104756433333,52.902069482 1.38105566633333,52.9020683393333 1.38106300916667,52.9020663741667 1.38107072166667,52.9020652748333 1.3810789555,52.9020634795 1.38108731783333,52.9020614886667 1.38109610683333,52.902059666 1.381104276,52.9020571915 1.38111308383333,52.902055613 1.381122609,52.9020525066667 1.3811322335,52.9020501026667 1.38114241483333,52.9020483365 1.381151169,52.902046585 1.381158976,52.9020450678333 1.38116680883333,52.902043484 1.38117259116667,52.9020436326667 1.3811687545,52.9020457815 1.38116214833333,52.9020469376667 1.3811554085,52.9020476995 1.38115229666667,52.9020478215 1.3811502205,52.902048985 1.381144565,52.9020505073333 1.38113811,52.9020518385 1.38113314083333,52.9020530703333 1.381128991,52.9020548783333 1.3811268975,52.9020557673333 1.38112151183333,52.9020569186667 1.381117101,52.9020583863333 1.3811129855,52.9020589375 1.38111141283333,52.902059823 1.381107343,52.9020609845 1.381102377,52.9020620378333 1.381096832,52.9020637166667 1.38109219966667,52.9020647166667 1.38108918816667,52.9020658813333 1.38108925816667,52.9020659445 1.38108916666667,52.9020658386667 1.38109180266667,52.9020646546667 1.38109815633333,52.9020632505 1.381103873,52.902061341 1.38111136783333,52.902059705 1.38111854783333,52.902057471 1.38112552433333,52.9020560021667 1.38113101116667,52.9020542313333 1.38113732616667,52.9020528915 1.38114453616667,52.9020506256667 1.381152721,52.9020488816667 1.3811606385,52.9020481138333 1.38116938016667,52.9020465453333 1.38117901833333,52.9020453905 1.38118841583333,52.9020445546667 1.38119612133333,52.9020432861667 1.38120235266667,52.9020427013333 1.381208529,52.9020412231667 1.38121716916667,52.902039879 1.38122610583333,52.9020383741667 1.38123419283333,52.9020367638333 1.38124230783333,52.9020359475 1.38125145633333,52.9020344396667 1.3812626165,52.9020330493333 1.381274745,52.902031831 1.38128887316667,52.9020292213333 1.38130318333333,52.902026088 1.381317356,52.9020232086667 1.3813323035,52.9020205063333 1.38134791183333,52.9020174806667 1.38136291566667,52.902014764 1.381377912,52.9020123688333 1.38139362366667,52.9020091586667 1.38140908783333,52.9020053741667 1.38142419716667,52.9020010533333 1.381438594,52.901995949 1.38145098383333,52.9019912165 1.38146087283333,52.9019865843333 1.381472293,52.9019808335 1.38148470516667,52.9019743516667 1.3814951805,52.9019680233333 1.38150353316667,52.9019617178333 1.381511289,52.9019547726667 1.38151775966667,52.9019478298333 1.38151997116667,52.9019440658333 1.38152218833333,52.9019417568333 1.38152606066667,52.9019345638333 1.3815272275,52.9019302376667 1.38152754083333,52.9019292421667 1.38152782866667,52.9019290091667 1.381527889,52.9019284998333 1.38153002566667,52.901923273 1.38153158333333,52.901917585 1.381530826,52.901916388 1.3815310295,52.9019156846667 1.38153167266667,52.9019110418333 1.381530451,52.9019046228333 1.38152933333333,52.901899201 1.38152906016667,52.9018952965 1.381528662,52.9018919793333 1.38152718333333,52.901885628 1.38152637016667,52.9018791375 1.38152565383333,52.9018726201667 1.38152432666667,52.9018655183333 1.3815233,52.901858295 1.38152274716667,52.9018511516667 1.38152184233333,52.9018441221667 1.38152144516667,52.9018368838333 1.38152212433333,52.901830487 1.38152238133333,52.901823456 1.38152297366667,52.9018154605 1.38152395733333,52.901807474 1.38152437,52.9017981906667 1.38152596216667,52.9017886393333 1.3815286115,52.9017791366667 1.38153289583333,52.9017712241667 1.38153555316667,52.901765253 1.38153989433333,52.9017588703333 1.381546323,52.901751526 1.38155324366667,52.9017435231667 1.38156050616667,52.9017355063333 1.38156834083333,52.9017280121667 1.38157678633333,52.9017210145 1.38158538616667,52.9017134723333 1.38159274033333,52.9017058336667 1.38160106833333,52.9016981465 1.3816088385,52.9016917841667 1.3816144775,52.9016865498333 1.38162040066667,52.9016817698333 1.38162712783333,52.9016746311667 1.3816332635,52.901668293 1.38164319916667,52.9016620625 1.38165370733333,52.9016570753333 1.38166458383333,52.9016524696667 1.38167724283333,52.9016482718333 1.381690272,52.9016445015 1.38170432383333,52.9016401301667 1.381719907,52.9016355195 1.3817341555,52.9016312751667 1.38174797933333,52.901627133 1.3817606605,52.9016223231667 1.381775014,52.901617765 1.38178950766667,52.9016135713333 1.38180449166667,52.9016091581667 1.38182023283333,52.9016057988333 1.38183496616667,52.9016025031667 1.38184617916667,52.901598913 1.38185683033333,52.901595729 1.38186931916667,52.9015929771667 1.3818828525,52.9015900111667 1.381896295,52.9015863623333 1.38190895233333,52.9015826156667 1.381923361,52.9015793045 1.3819380595,52.901576218 1.3819534755,52.9015728558333 1.38196774866667,52.9015693551667 1.38198134016667,52.9015658066667 1.38199554566667,52.9015625253333 1.38200887433333,52.9015596763333 1.38201575433333,52.9015576521667 1.38202214516667,52.901557994 1.38202860083333,52.9015558493333 1.38203790083333,52.901555327 1.3820474295,52.9015529791667 1.38205902966667,52.9015511708333 1.38207048783333,52.9015489418333 1.38208261833333,52.9015448268333 1.38209392533333,52.9015415491667 1.38210723066667,52.9015384986667 1.382119892,52.9015351695 1.3821327675,52.9015317458333 1.38214533666667,52.901527949 1.38215757766667,52.9015241743333 1.382169731,52.901521119 1.3821831465,52.9015181388333 1.382197225,52.9015147761667 1.382210381,52.9015114248333 1.38222341766667,52.901508574 1.38223737533333,52.9015051811667 1.38225144666667,52.9015021446667 1.38226603466667,52.9014990055 1.382281192,52.9014959088333 1.38229621216667,52.9014926678333 1.3823116715,52.9014895428333 1.382327767,52.9014855926667 1.38234112316667,52.90148182 1.38235265266667,52.9014792456667 1.38236615816667,52.9014750515 1.38237989266667,52.9014707493333 1.38239486516667,52.9014669031667 1.38240909316667,52.9014633426667 1.38242371316667,52.9014595603333 1.38243791466667,52.901456197 1.38245209683333,52.9014522575 1.38246638716667,52.9014491508333 1.38248058166667,52.9014465661667 1.38249545383333,52.9014431305 1.3825103805,52.9014400048333 1.38252605266667,52.9014380606667 1.38253652816667,52.9014375723333 1.3825456335,52.9014362566667 1.38255780016667,52.9014345176667 1.38256979333333,52.9014327173333 1.3825795275,52.9014301103333 1.382591764,52.9014282416667 1.3826038275,52.9014267148333 1.3826153055,52.901424562 1.38262883433333,52.9014223878333 1.38264189633333,52.9014199056667 1.382653942,52.9014166635 1.38266748583333,52.9014130508333 1.38268151333333,52.9014099246667 1.38269474883333,52.9014070018333 1.3827066005,52.9014035205 1.38271519716667,52.9014007733333 1.38272014883333,52.9013996328333 1.3827262435,52.9013976306667 1.382736177,52.9013951428333 1.38274578833333,52.9013918993333 1.38275582883333,52.901388973 1.38276780666667,52.9013860048333 1.38277993633333,52.9013823146667 1.38279162516667,52.9013790116667 1.38279704433333,52.9013779875 1.38279831533333,52.901377692 1.382798732,52.9013777281667 1.38279879816667,52.9013778441667 1.38279923866667,52.901377902 1.38280042516667,52.9013777286667 1.38280349233333,52.9013761073333 1.3828087355,52.9013753358333 1.38281395666667,52.9013737386667 1.382817358,52.9013730073333 1.38282115433333,52.9013721318333 1.38282520116667,52.9013704843333 1.38282821566667,52.9013694078333 1.38283011883333,52.9013688571667 1.3828300275,52.9013684286667 1.38283168583333,52.9013678798333 1.38283348416667,52.9013682435 1.38283429416667,52.9013686035 1.38283744683333,52.9013673796667 1.38283991383333,52.9013664336667 1.38284061116667,52.901366336 1.382840584,52.9013663881667 1.38283761283333,52.9013686348333 1.38283331533333,52.9013698576667 1.38283233533333,52.9013699625 1.382832334,52.901369675 1.3828324665,52.9013696576667 1.38283243116667,52.9013696988333 1.382831705,52.9013706681667 1.38283347016667,52.9013707606667 1.3828385285,52.9013696906667 1.38284557383333,52.9013681888333 1.3828553225,52.9013667646667 1.38286370583333,52.9013644401667 1.3828725665,52.9013627741667 1.38288078566667,52.9013612788333 1.382888442,52.9013588056667 1.38289909133333,52.9013564676667 1.38290930933333,52.9013532163333 1.38292070566667,52.9013495605 1.38293268383333,52.901346294 1.38294451533333,52.9013432291667 1.38295623,52.9013391321667 1.38296772933333,52.9013361828333 1.38297814266667,52.9013311611667 1.38298763133333,52.9013252538333 1.38299477366667,52.9013206695 1.38299730916667,52.9013175733333 1.38300285583333,52.9013124728333 1.38300885233333,52.9013061296667 1.3830123415,52.9013016516667 1.38301348983333,52.9013007731667 1.38301386833333,52.901300369 1.38301361333333,52.9013002033333 1.38301470066667,52.9012969835 1.383018135,52.9012922285 1.383019476,52.9012913091667 1.38301957583333,52.9012908303333 1.383019668,52.9012908436667 1.38302009833333,52.90129083 1.3830198315,52.901290807 1.38301968883333,52.9012900043333 1.38302122566667,52.901285779 1.383023238,52.901280769 1.38302428166667,52.9012754738333 1.38302604533333,52.9012697006667 1.38302504133333,52.9012642216667 1.38302530966667,52.9012604231667 1.38302719066667,52.901255234 1.3830285525,52.9012475963333 1.383030022,52.9012387446667 1.383031272,52.901229754 1.38303134183333,52.9012213996667 1.38303080933333,52.9012129021667 1.38303173016667,52.901203865 1.3830333485,52.9011946201667 1.3830346195,52.9011852541667 1.38303635483333,52.9011762998333 1.38303837766667,52.9011681868333 1.38303956666667,52.901159713 1.38303949666667,52.9011570223333 1.3830399575,52.9011622965 1.3830392985,52.9011630183333 1.38303912416667,52.9011630098333 1.3830391225,52.9011630688333 1.38303926183333,52.901163208 1.38303944266667,52.901163258 1.383039439,52.9011632775 1.38303933483333,52.9011633363333 1.38303919966667,52.9011633696667 1.38303924366667,52.9011633781667 1.3830392595,52.9011633851667 1.38303921133333,52.9011634176667 1.38303926516667,52.9011635573333 1.383039214,52.9011635868333 1.38303921766667,52.9011635856667 1.38303922983333,52.9011636453333 1.38303927616667,52.9011637396667 1.383039217,52.9011638381667 1.383039081,52.9011638421667 1.38303919216667,52.9011639388333 1.38303928516667,52.9011639265 1.38303924883333,52.9011639113333 1.38303949616667,52.901163994 1.38303934533333,52.9011640903333 1.38303897633333,52.9011639996667 1.383038865,52.9011638176667 1.3830396185,52.9011622215 1.38304016233333,52.9011557275 1.38304095116667,52.9011479121667 1.38304076483333,52.9011390491667 1.383041348,52.9011296908333 1.383043729,52.9011213298333 1.383045389,52.9011129181667 1.38304562433333,52.9011049805 1.383048273,52.9010961603333 1.38305173616667,52.9010873193333 1.38305187683333,52.901078685 1.383050728,52.9010717983333 1.38305147583333,52.9010655213333 1.38305157866667,52.901059828 1.38305223683333,52.9010538848333 1.3830547515,52.9010468716667 1.38305533033333,52.90104107 1.38305683483333,52.9010366661667 1.38305699883333,52.9010326255 1.38305900816667,52.9010271596667 1.383060618,52.9010196903333 1.38306164116667,52.9010124905 1.38306379216667,52.9010046763333 1.38306519216667,52.9009961835 1.3830645365,52.9009894935 1.38306450666667,52.9009830806667 1.38306449316667,52.900975653 1.38306366366667,52.9009678521667 1.38306355516667,52.9009623151667 1.38306410766667,52.9009544138333 1.38306517316667,52.9009477995 1.38306829583333,52.9009401751667 1.38307060266667,52.9009333611667 1.383074248,52.9009269146667 1.38307463233333,52.9009208161667 1.383074331,52.9009134708333 1.38307521666667,52.9009052193333 1.383076321,52.9008982551667 1.383076012,52.9008918138333 1.3830758975,52.900884939 1.3830729255,52.9008789026667 1.38306865733333,52.9008734763333 1.38306297716667,52.9008673661667 1.383056859,52.9008603376667 1.38305025316667,52.9008539751667 1.38304414083333,52.9008480688333 1.383039687,52.9008427836667 1.38303690533333,52.900836493 1.38303217966667,52.9008304136667 1.38302920183333,52.9008247436667 1.3830255945,52.9008174475 1.383022671,52.9008107876667 1.383019348,52.9008033638333 1.38301741616667,52.9007962853333 1.383015113,52.900788729 1.38301039183333,52.9007806071667 1.383003417,52.9007723571667 1.3829973555,52.9007645768333 1.38299288316667,52.900755253 1.38298934533333,52.9007464165 1.38298510066667,52.9007391826667 1.3829824855,52.9007313401667 1.382979977,52.9007247291667 1.38298059466667,52.9007169868333 1.38298269716667,52.9007091406667 1.3829845185,52.9007028285 1.38298539233333,52.9007008588333 1.382985589,52.9006998943333 1.38298831333333,52.900696543 1.3829947945,52.9006918111667 1.38300027733333,52.9006857896667 1.38300511483333,52.9006821183333 1.38300938883333,52.9006774325 1.38301355466667,52.9006724328333 1.3830194965,52.9006662418333 1.38302530433333,52.9006595605 1.38303057083333,52.9006550733333 1.38303695733333,52.9006498033333 1.38303993783333,52.9006428435 1.38304403883333,52.9006366971667 1.3830493885,52.9006316423333 1.38305160583333,52.9006267346667 1.38305596433333,52.9006195795 1.38306156066667,52.9006121631667 1.38306565016667,52.90060779 1.38306992483333,52.9006014485 1.383074803,52.9005932855 1.3830800435,52.9005874751667 1.38308590766667,52.9005810158333 1.3830907445,52.9005736895 1.38309445633333,52.9005675176667 1.38309729966667,52.9005631626667 1.38310152833333,52.9005553488333 1.38310692783333,52.9005468401667 1.38311159716667,52.900538436 1.38311678633333,52.9005307983333 1.38312251616667,52.9005243256667 1.383126198,52.9005178066667 1.38313104133333,52.9005114453333 1.38313661083333,52.9005052593333 1.383145372,52.9004975935 1.38315322066667,52.9004931853333 1.38316073433333,52.9004888988333 1.38316391916667,52.9004874368333 1.383167261,52.9004850226667 1.38317450483333,52.9004735291667 1.38317900116667,52.9004664681667 1.38317770266667,52.900465616 1.38317806333333,52.9004666845 1.38318003616667,52.9004647688333 1.38317817416667,52.9004631793333 1.38317902866667,52.9004627403333 1.38318419983333,52.900460664 1.383191372,52.9004561326667 1.38320161383333,52.9004521375 1.38321018266667,52.9004501328333 1.38321607116667,52.9004482205 1.38321853933333,52.900450179 1.383226233,52.9004508745 1.383236543,52.90045198 1.38324864816667,52.9004523083333 1.38326240166667,52.9004533608333 1.38327410933333,52.9004549486667 1.383286845,52.9004567948333 1.383299193,52.9004584773333 1.38331333483333,52.9004594753333 1.38332720216667,52.900459822 1.38333913016667,52.900459954 1.3833512045,52.9004595633333 1.38336270166667,52.900458048 1.38337431333333,52.900456935 1.38338897916667,52.9004551038333 1.38340267983333,52.900453265 1.38341570833333,52.9004528163333 1.38342675616667,52.90045095 1.38344002033333,52.9004506481667 1.38345421883333,52.9004505771667 1.3834614835,52.9004516215 1.38345876583333,52.9004506515 1.38346205566667,52.9004537485 1.38347158766667,52.9004545791667 1.38347911466667,52.9004552456667 1.38348687333333,52.9004566408333 1.38349472733333,52.9004586111667 1.38350378333333,52.9004612435 1.38351469233333,52.9004621838333 1.383525957,52.9004630585 1.3835367325,52.900462667 1.3835474525,52.9004617468333 1.3835570525,52.9004598958333 1.383566734,52.9004578696667 1.38357652366667,52.9004544561667 1.3835860745,52.9004502985 1.38359360783333,52.9004461138333 1.383601697,52.9004421553333 1.38361199633333,52.9004367908333 1.38362244733333,52.9004322286667 1.3836326605,52.900428133 1.3836435425,52.9004239641667 1.38365358466667,52.900420292 1.38366453716667,52.9004160073333 1.38367357783333,52.9004110581667 1.38368147733333,52.9004068938333 1.38368869183333,52.9004021675 1.38369110483333,52.900400925 1.38369268483333,52.9003999641667 1.38369855233333,52.9003974613333 1.3837060585,52.9003919226667 1.38371296083333,52.9003873091667 1.3837196895,52.9003842916667 1.38372451116667,52.9003806843333 1.383729396,52.9003778388333 1.38373603633333,52.9003730016667 1.3837435475,52.9003686243333 1.38375282033333,52.9003649925 1.3837624115,52.900362202 1.38377296633333,52.9003605251667 1.38378505416667,52.9003577955 1.383795944,52.9003556318333 1.3838073845,52.9003531363333 1.38381776333333,52.9003505185 1.38382701233333,52.9003484341667 1.383838227,52.9003475993333 1.38384827866667,52.9003451188333 1.38385894433333,52.9003421936667 1.383870589,52.9003405391667 1.3838825035,52.9003374305 1.38389344816667,52.9003345121667 1.38390416983333,52.9003318105 1.383911634,52.9003283826667 1.38391921,52.9003258831667 1.38392888733333,52.9003223345 1.38393842383333,52.900317008 1.38394726983333,52.9003128055 1.3839557015,52.9003086196667 1.38396513233333,52.9003028676667 1.38397590616667,52.9002991951667 1.38398341483333,52.9002971746667 1.38398489783333,52.9002965235 1.38398595133333,52.9002961403333 1.38398688416667,52.9002956238333 1.38398741533333,52.9002952951667 1.3839881155,52.900295156 1.38398823116667,52.9002950313333 1.383988397,52.9002949126667 1.38398856483333,52.9002946195 1.3839888575,52.9002940915 1.38398904483333,52.900293455 1.38398928566667,52.9002927941667 1.3839896775,52.9002921975 1.38399004,52.9002916226667 1.383990555,52.9002910951667 1.38399062733333,52.9002906191667 1.383990937,52.900290145 1.383991019,52.9002896595 1.38399141216667,52.9002891135 1.38399183916667,52.9002885261667 1.38399175966667,52.9002880503333 1.383991835,52.9002879968333 1.3839925075,52.9002877056667 1.38399316283333,52.900287336 1.3839938505,52.9002872646667 1.38399457116667,52.9002870933333 1.38399521083333,52.900286845 1.383995564,52.9002867601667 1.38399577883333,52.9002859798333 1.383996057,52.9002853361667 1.38399609183333,52.9002846733333 1.38399602733333,52.9002842473333 1.38399746483333,52.9002834571667 1.3840030615,52.9002826885 1.38401010433333,52.9002808011667 1.38401687283333,52.9002793535 1.38402381283333,52.9002769731667 1.3840345775,52.9002749608333 1.38404499716667,52.900273775 1.384054452,52.9002727026667 1.38406252783333,52.9002732073333 1.3840679195,52.9002731245 1.38406917283333,52.9002733735 1.38407144016667,52.9002735535 1.38407697733333,52.9002749168333 1.38408541583333,52.900276397 1.38409053033333,52.900279135 1.38409779416667,52.9002823566667 1.384107019,52.9002849715 1.38411823783333,52.900287858 1.3841272965,52.9002908155 1.38413464833333,52.9002932828333 1.384142023,52.9002949365 1.38414884666667,52.900296494 1.38415957816667,52.900296439 1.38417190233333,52.9002951503333 1.38418443633333,52.9002928661667 1.384196375,52.9002904473333 1.3842098675,52.9002878181667 1.3842241545,52.9002867241667 1.38423657566667,52.9002844035 1.38424874133333,52.9002810273333 1.38426185883333,52.9002786378333 1.38427379083333,52.9002767951667 1.38428297,52.9002753028333 1.3842905445,52.9002744506667 1.38430136816667,52.9002720781667 1.3843123695,52.9002686958333 1.38432114733333,52.9002664071667 1.38433000566667,52.900265464 1.38434332666667,52.9002636108333 1.38435920983333,52.9002608928333 1.38437527683333,52.900258561 1.38439082133333,52.9002560113333 1.38440637,52.9002536541667 1.38442117683333,52.9002515256667 1.38443673133333,52.9002492018333 1.38445292383333,52.9002473213333 1.3844692235,52.9002455411667 1.384485932,52.9002439153333 1.384501844,52.9002420813333 1.3845177345,52.9002403405 1.38453330466667,52.9002382621667 1.3845489035,52.9002358406667 1.38456422533333,52.9002330368333 1.38457861083333,52.9002301301667 1.384592959,52.9002268808333 1.38460774,52.9002240268333 1.38462217116667,52.900221144 1.384636326,52.9002180078333 1.3846506265,52.9002141328333 1.38466551216667,52.900210359 1.38468014266667,52.9002068765 1.38469408966667,52.9002027803333 1.384708415,52.9001982781667 1.38472237266667,52.9001939223333 1.38473708716667,52.9001891926667 1.38475131233333,52.9001851291667 1.38476592116667,52.9001814225 1.38478137716667,52.9001774135 1.3847958885,52.9001738225 1.38480735116667,52.900171626 1.38481536183333,52.9001708076667 1.38482416283333,52.9001693158333 1.38483102533333,52.9001689101667 1.38483274183333,52.900168651 1.384833289,52.9001684101667 1.3848415265,52.9001678808333 1.38485216633333,52.9001651535 1.384858969,52.9001621473333 1.38486538033333,52.900160381 1.38487081066667,52.9001581351667 1.38487942683333,52.9001554515 1.38488923816667,52.9001520483333 1.38490087916667,52.9001484851667 1.384912464,52.9001444295 1.38492473266667,52.9001400726667 1.384936589,52.9001361208333 1.384948092,52.900133257 1.38496177766667,52.900129595 1.38497513066667,52.9001257241667 1.38498866883333,52.9001219463333 1.3850025185,52.9001181983333 1.38501446833333,52.9001147721667 1.38502030266667,52.9001130118333 1.385022186,52.9001122358333 1.38502489266667,52.9001114781667 1.38502960783333,52.9001100058333 1.38503685233333,52.9001079533333 1.3850462685,52.9001050743333 1.38505663616667,52.9001018688333 1.3850677525,52.9000978768333 1.38507996,52.9000937356667 1.385092272,52.9000893501667 1.38510513283333,52.9000846713333 1.38511847216667,52.9000793775 1.38513097233333,52.900073951 1.38514456916667,52.9000688101667 1.3851581655,52.9000649671667 1.38517254866667,52.9000607775 1.38518744466667,52.90005741 1.38520210083333,52.9000548531667 1.38521739766667,52.9000522486667 1.38522850433333,52.90005023 1.3852375085,52.9000471561667 1.3852500805,52.9000427666667 1.38526337583333,52.9000387378333 1.38527742083333,52.9000338286667 1.38529067216667,52.9000285726667 1.38530252333333,52.9000227586667 1.3853125285,52.9000169896667 1.38532188433333,52.9000094871667 1.38532881833333,52.9000011756667 1.38533477883333,52.8999938193333 1.385340765,52.8999867106667 1.38534715333333,52.8999777071667 1.38535292316667,52.8999694981667 1.38535840966667,52.8999619321667 1.38536524683333,52.8999545643333 1.38537149683333,52.8999465025 1.38537603216667,52.8999379533333 1.38537925616667,52.89993109 1.38538274583333,52.899925686 1.3853835625,52.8999226335 1.38538446266667,52.8999217963333 1.38538434833333,52.8999216288333 1.38538460233333,52.8999215683333 1.38538476783333,52.8999216421667 1.38538439816667,52.8999214648333 1.38538437066667,52.8999211971667 1.3853848415,52.8999212231667 1.38538468433333,52.8999210666667 1.3853847475,52.8999210018333 1.38538479483333,52.8999210763333 1.38538489983333,52.8999210661667 1.385385207,52.8999209263333 1.38538602216667,52.8999204875 1.38538720616667,52.8999174558333 1.38539004683333,52.8999134033333 1.385392955,52.899906296 1.38539573516667,52.899899431 1.38539730566667,52.8998914715 1.38539835633333,52.899881742 1.38539869316667,52.8998722261667 1.385398187,52.8998629133333 1.385397951,52.8998542248333 1.38539698366667,52.899843854 1.3853965945,52.8998353568333 1.38539512583333,52.8998271453333 1.3853939305,52.8998178165 1.385393552,52.8998096251667 1.38539364833333,52.8998018058333 1.38539609333333,52.899793641 1.3853991585,52.8997852396667 1.38540223883333,52.8997771008333 1.38540680733333,52.8997695246667 1.38541093616667,52.8997636813333 1.38541321033333,52.8997585833333 1.3854184795,52.8997527198333 1.38542539916667,52.8997456933333 1.38543156283333,52.8997387546667 1.38543892216667,52.8997327066667 1.38544513733333,52.8997258236667 1.38545165083333,52.8997193673333 1.38545797016667,52.8997143615 1.38546108,52.8997104966667 1.38546167566667,52.8997101346667 1.3854616965,52.8997101415 1.38546155083333,52.8997099136667 1.38546172983333,52.8997098718333 1.3854622605,52.8997093708333 1.38546780083333,52.8997074465 1.38547662783333,52.8997038003333 1.385486044,52.899700943 1.385493372,52.8996975525 1.38550366916667,52.8996947346667 1.38551333616667,52.8996922083333 1.385525042,52.899688467 1.38553804416667,52.8996843896667 1.3855520665,52.899680454 1.38556288916667,52.8996773966667 1.385569453,52.8996753146667 1.38557992716667,52.8996721376667 1.38559338783333,52.8996683498333 1.3856068675,52.8996652175 1.38561718716667,52.8996635676667 1.38562137933333,52.8996616078333 1.38561831366667,52.8996616841667 1.38562379,52.8996606673333 1.385629951,52.8996581721667 1.38564075483333,52.899656495 1.3856523385,52.8996538718333 1.3856647125,52.8996508751667 1.38567813016667,52.8996482096667 1.38569367383333,52.899645886 1.38570605433333,52.8996443863333 1.38571892883333,52.8996438171667 1.38573214183333,52.8996438055 1.385743106,52.899642883 1.38575593066667,52.8996424898333 1.3857696795,52.8996416751667 1.38578005683333,52.8996403658333 1.3857878,52.8996396483333 1.385800297,52.8996382343333 1.38581340366667,52.899636638 1.38582676783333,52.8996344908333 1.38583781183333,52.8996333413333 1.38584629916667,52.8996314611667 1.3858562625,52.8996292653333 1.38586899716667,52.8996264728333 1.38588005433333,52.8996240648333 1.38588857666667,52.8996227818333 1.38589226433333,52.8996216428333 1.385893307,52.8996210195 1.38589706633333,52.8996196313333 1.3859053535,52.899616993 1.38591396166667,52.8996151441667 1.38591809233333,52.8996140983333 1.38592455833333,52.8996134765 1.385932822,52.899612448 1.3859383825,52.8996119933333 1.3859455275,52.899610954 1.38595202933333,52.899610788 1.38595481233333,52.8996107481667 1.38595498716667,52.8996111936667 1.38595483216667,52.8996110733333 1.38595507666667,52.8996109833333 1.3859552165,52.8996110336667 1.3859552395,52.8996110945 1.38595531166667,52.8996111843333 1.3859554145,52.8996112278333 1.3859555175,52.899611289 1.3859555655,52.8996113266667 1.3859555565,52.8996113705 1.3859555475,52.899611375 1.38595547033333,52.8996113785 1.38595552933333,52.8996114425 1.38595556366667,52.899611468 1.38595562033333,52.8996115128333 1.385955653,52.8996115408333 1.38595570133333,52.89961157 1.38595583633333,52.8996116233333 1.38595623233333,52.8996117123333 1.385956379,52.8996116016667 1.3859602595,52.8996116873333 1.38596658416667,52.8996118256667 1.38597824,52.899612294 1.385990418,52.8996138985 1.38600264316667,52.8996162643333 1.38601449783333,52.8996192253333 1.38602500883333,52.8996222743333 1.38603413216667,52.8996250653333 1.386043205,52.8996284285 1.386051727,52.8996312408333 1.38605916616667,52.8996340515 1.38606135283333,52.8996344668333 1.38606152566667,52.8996345508333 1.386064557,52.899635868 1.38607134183333,52.8996388466667 1.38607916716667,52.899641055 1.38608477133333,52.8996439375 1.38608631683333,52.8996449768333 1.38608167333333,52.8996427068333 1.38607944766667,52.899641609 1.386078621,52.899639961 1.38607079916667,52.8996386765 1.38606160866667,52.8996357955 1.38605388,52.8996322903333 1.3860473665,52.899632333 1.38605166166667,52.8996351995 1.386058442,52.8996391755 1.386067868,52.8996427916667 1.38607829416667,52.8996478788333 1.38608871166667,52.8996532075 1.38610006666667,52.8996577333333 1.3861121975,52.8996620701667 1.38612453116667,52.899665703 1.38614000683333,52.8996684561667 1.38615171683333,52.8996707985 1.38616677266667,52.8996722436667 1.38617830016667,52.8996728988333 1.38619162516667,52.8996726811667 1.38620618833333,52.899670469 1.38622143433333,52.8996678816667 1.38623628683333,52.8996657725 1.38625127733333,52.8996627668333 1.3862669255,52.8996589111667 1.38628304866667,52.89965504 1.38629968683333,52.8996507948333 1.38631527283333,52.8996462691667 1.38633042866667,52.8996416698333 1.386345266,52.8996356915 1.38635938533333,52.8996299361667 1.386373973,52.8996248111667 1.386388245,52.8996190016667 1.38640314316667,52.8996141166667 1.38641738883333,52.8996092006667 1.3864315675,52.89960344 1.38644548916667,52.899597701 1.38646035316667,52.8995917645 1.38647521916667,52.8995860913333 1.38649077566667,52.89958154 1.38650634466667,52.8995767986667 1.38652194883333,52.8995729693333 1.38653799333333,52.8995696643333 1.386554231,52.8995667256667 1.38656954683333,52.8995645238333 1.38658580233333,52.8995617681667 1.38660168433333,52.8995584891667 1.38661752266667,52.8995552766667 1.386633362,52.8995524385 1.38664957266667,52.8995502636667 1.38666506666667,52.8995482938333 1.38668094466667,52.8995461681667 1.386696724,52.8995439568333 1.38671207683333,52.8995412688333 1.38672784166667,52.8995387608333 1.3867431975,52.8995377963333 1.38675515683333,52.8995373015 1.386758802,52.8995371045 1.38675948183333,52.8995372915 1.38676715416667,52.8995372313333 1.38677661533333,52.8995367825 1.38678629566667,52.8995356928333 1.38679605333333,52.8995337998333 1.38680500066667,52.8995312763333 1.38681607616667,52.8995281176667 1.3868277805,52.899523847 1.3868378245,52.8995198548333 1.386846451,52.8995164911667 1.3868548815,52.8995122686667 1.3868636745,52.899507557 1.38687204333333,52.89950189 1.38688160416667,52.8994956746667 1.38688987766667,52.8994888711667 1.38689852316667,52.8994813461667 1.38690674383333,52.8994741498333 1.38691520433333,52.8994662755 1.38692385516667,52.8994585131667 1.38693288916667,52.899450858 1.38694216716667,52.8994436653333 1.38695088583333,52.8994359438333 1.38695767766667,52.8994297023333 1.38696491466667,52.8994257866667 1.3869730345,52.8994222458333 1.38698118666667,52.8994191413333 1.386990428,52.8994143225 1.386998423,52.8994096095 1.38700723016667,52.8994058783333 1.38701531133333,52.8994034346667 1.38701767433333,52.8994036885 1.38701788683333,52.8994038658333 1.38701827116667,52.8994037491667 1.3870180635,52.8994037513333 1.387018088,52.8994035498333 1.387018151,52.8994033263333 1.38701813166667,52.8994035993333 1.38701807683333,52.8994037238333 1.38701813566667,52.8994036983333</coordinates></LineString>
  </Placemark>
</Folder>
</Document></kml>
